skill,cm,UE,EU,U,E,US,F_flows,f_flows,F_short,f_short,MA_F_flows,MA_f_flows,MA_F_short,MA_f_short
"0. Low",1996m1,1445699,1107592,5218791,6.50e+07,2146073,.2315772,.2634152,.3649155,.4539973,,,,
"0. Low",1996m2,1258467,995552,5005790,6.56e+07,1691417,.2127405,.2391973,.3237495,.3911917,,,,
"0. Low",1996m3,1256228,992120,4932976,6.64e+07,1547808,.305025,.3638794,.4015112,.5133474,,,,
"0. Low",1996m4,1374045,1034212,4462507,6.66e+07,1510176,.2380944,.2719326,.3889724,.4926131,,,,
"0. Low",1996m5,1195758,1067679,4467688,6.74e+07,1740973,.2418177,.2768314,.4514595,.6004941,,,,
"0. Low",1996m6,1283988,1159600,4546922,6.86e+07,2096214,.1651196,.1804668,.3782163,.475163,,,,
"0. Low",1996m7,1551788,1005944,4802080,6.84e+07,1974878,.3328179,.4046922,.4565051,.609735,.2343772,.2751839,.3866481,.4912415
"0. Low",1996m8,1253819,1025715,4229577,6.88e+07,1619671,.2083388,.2336217,.4140308,.534488,.2349995,.2760057,.388168,.493565
"0. Low",1996m9,1247277,914321,4262713,6.78e+07,1784311,.3194172,.3848059,.4002064,.5111697,.2352084,.2763191,.390114,.4966554
"0. Low",1996m10,1174802,1203023,4104152,6.85e+07,1547404,.1345762,.1445359,.3619537,.4493444,.2393901,.2821884,.3943929,.5041345
"0. Low",1996m11,978284,910573,4462404,6.87e+07,1843765,.4034776,.5166385,.3892476,.4930636,.2399561,.2834719,.396713,.5081943
"0. Low",1996m12,1028861,1560741,4222665,6.79e+07,1497241,.0112782,.0113423,.3044092,.3629937,.2409096,.2847734,.3984064,.5109927
"0. Low",1997m1,1391253,1036810,5211851,6.71e+07,2274604,.2480698,.2851118,.3741164,.4685909,.2428674,.2869006,.3990083,.5119039
"0. Low",1997m2,1299211,941150,4860098,6.74e+07,1598086,.2111832,.2372212,.3510252,.4323614,.243661,.2876923,.3979659,.5100695
"0. Low",1997m3,1308020,924456,4758183,6.81e+07,1604102,.3115954,.3733785,.4209399,.546349,.2435363,.2873193,.4003295,.5141559
"0. Low",1997m4,1477749,992210,4267765,6.80e+07,1512491,.3318859,.4032963,.4722378,.6391096,.2457586,.2896565,.4038017,.5199276
"0. Low",1997m5,1207301,1153069,4004423,6.91e+07,1752058,.1616088,.1762705,.4238758,.551432,.2508349,.2958541,.4071634,.5254735
"0. Low",1997m6,1348253,1065263,4422536,7.00e+07,2115491,.2682129,.3122656,.4464414,.5913876,.2527898,.2976402,.4090176,.5284028
"0. Low",1997m7,1273524,951595,4187950,7.00e+07,1739817,.2767106,.3239458,.4027264,.51538,.2556291,.3007415,.4112592,.5319386
"0. Low",1997m8,1115486,984708,4013808,6.98e+07,1512456,.2834941,.3333688,.4427917,.5848162,.2564572,.3018286,.4142501,.5367665
"0. Low",1997m9,1300380,1011191,3887108,6.85e+07,1650581,.2412691,.2761081,.4281708,.5589149,.2590075,.3056014,.4188637,.5448843
"0. Low",1997m10,1061338,925918,3875187,6.99e+07,1652425,.2660584,.3093258,.417322,.5401206,.2580478,.3044477,.4220075,.5506948
"0. Low",1997m11,1040053,1062280,3906441,6.93e+07,1648455,.3938278,.5005912,.4145589,.5353897,.2557458,.3010035,.4218927,.5505096
"0. Low",1997m12,923640,1387138,3755114,6.95e+07,1468123,.0678451,.0702562,.3235998,.3909703,.2553212,.3003223,.4212694,.5494059
"0. Low",1998m1,1304396,1061282,4561630,6.79e+07,2021670,.2596464,.3006274,.4087247,.5254736,.2571721,.303181,.4239101,.5541235
"0. Low",1998m2,1183210,956586,4333805,6.82e+07,1636626,.219482,.2477974,.3881986,.4913475,.2601113,.3074858,.4280141,.5615073
"0. Low",1998m3,1470965,913874,4296487,6.85e+07,1645059,.3645041,.4533496,.4944919,.6821913,.2605442,.3080503,.4303252,.5657011
"0. Low",1998m4,1109925,877885,3608285,6.94e+07,1436376,.2559421,.2956364,.4741383,.6427169,.2613166,.3090834,.4315189,.5678538
"0. Low",1998m5,1160706,926153,3610926,6.93e+07,1713467,.1823064,.2012676,.4192193,.5433821,.2626833,.3113489,.4332713,.5709707
"0. Low",1998m6,1413649,1222082,4174713,7.00e+07,2077557,.2373239,.2709218,.4361392,.5729479,.26502,.3146311,.4357221,.5751501
"0. Low",1998m7,1267024,950994,4134948,6.96e+07,1780991,.3520211,.4338972,.476407,.6470405,.2636555,.312624,.4350331,.5739204
"0. Low",1998m8,1216731,1019428,3698787,6.97e+07,1533757,.2787246,.3267343,.4676049,.6303694,.2641729,.3134303,.4351763,.5742065
"0. Low",1998m9,1264898,976066,3643910,6.91e+07,1674694,.2564281,.2962898,.4588239,.6140105,.2647624,.3138329,.4354705,.5744212
"0. Low",1998m10,1052222,951956,3661465,7.04e+07,1689468,.2694364,.313939,.4153204,.5366912,.2637961,.3121905,.4338505,.5713219
"0. Low",1998m11,945014,1015546,3690479,6.99e+07,1549695,.4232513,.5503486,.4586155,.6136256,.2663057,.3155008,.4351419,.5735864
"0. Low",1998m12,909563,1365218,3493697,6.96e+07,1495729,.0945025,.0992707,.3383642,.41304,.2677259,.3172918,.4381296,.5789689
"0. Low",1999m1,1236036,989744,4153278,6.85e+07,1841723,.2002399,.2234435,.3774241,.4738897,.2665575,.3154739,.4395334,.5815429
"0. Low",1999m2,1297843,847483,4169109,6.84e+07,1583378,.2913069,.3443326,.4229345,.5497995,.265773,.3142244,.4410132,.5844044
"0. Low",1999m3,1259688,944445,3899064,6.84e+07,1493215,.3068283,.3664775,.4668172,.6288909,.267604,.3167567,.4419082,.5861798
"0. Low",1999m4,1167480,923024,3625745,6.90e+07,1546831,.2904264,.343091,.4629335,.6216334,.2696673,.3196028,.4434587,.5889248
"0. Low",1999m5,1163800,912864,3485597,6.91e+07,1538331,.2080513,.2332587,.4614171,.6188138,.271804,.3230284,.4471202,.5956872
"0. Low",1999m6,1328040,1056604,3817018,7.00e+07,1939735,.2456632,.2819164,.4656465,.6266976,.2726029,.3247025,.4505644,.6016753
"0. Low",1999m7,1191524,983214,3862531,7.02e+07,1822894,.3156412,.379273,.4805919,.6550653,.2735445,.32597,.4539131,.6070591
"0. Low",1999m8,1295838,919441,3562798,7.00e+07,1556568,.2962761,.3513692,.4989362,.6910219,.2712865,.3228883,.4556868,.6100137
"0. Low",1999m9,1019853,887756,3394982,6.97e+07,1609793,.2828212,.3324302,.4489709,.5959676,.269347,.3205552,.4566244,.6117746
"0. Low",1999m10,1115510,973954,3408763,7.10e+07,1538029,.2925619,.3461051,.4623862,.6206149,.2718054,.3241602,.4584516,.6152608
"0. Low",1999m11,975978,960047,3371536,7.04e+07,1538938,.451407,.6003985,.4994249,.6919976,.2738218,.3268715,.4614799,.6211079
"0. Low",1999m12,1003042,1389920,3239521,7.05e+07,1551814,.0855194,.0893991,.3802155,.4783834,.2760506,.3298021,.462708,.6235703
"0. Low",2000m1,1122917,944670,3907149,7.04e+07,1899344,.2318215,.2637331,.4159424,.5377557,.2768113,.3307982,.4615415,.6213952
"0. Low",2000m2,1330130,937223,3938611,6.97e+07,1656611,.2055331,.230084,.4269856,.5568444,.2776425,.3320007,.4621969,.6227987
"0. Low",2000m3,1303388,788764,3917860,7.09e+07,1660979,.3460547,.4247316,.485268,.6641088,.2791034,.3341006,.4632641,.6249885
"0. Low",2000m4,1092962,906671,3468737,7.12e+07,1452089,.3102011,.3713551,.4883342,.6700837,.2755943,.3294659,.4622741,.6231863
"0. Low",2000m5,1206816,1040480,3433211,7.01e+07,1658377,.2366717,.2700671,.5086967,.7106936,.2727189,.3261749,.459739,.6184056
"0. Low",2000m6,1166215,1005221,3625888,7.16e+07,1939140,.2705329,.315441,.4478395,.5939166,.2748806,.3293194,.4571329,.6137463
"0. Low",2000m7,1161744,1000738,3645704,7.15e+07,1643632,.3090276,.3696553,.4704049,.6356425,.275919,.3304471,.4561549,.6122088
"0. Low",2000m8,1339035,966880,3485961,7.14e+07,1555214,.3228392,.3898466,.524853,.744131,.2774836,.332468,.4554329,.6109692
"0. Low",2000m9,1102183,863569,3224125,7.12e+07,1567781,.2913193,.3443503,.448665,.5954127,.2812241,.3379078,.4570657,.6146085
"0. Low",2000m10,1080068,1050222,3335097,7.12e+07,1557524,.199847,.2229523,.4389333,.5779154,.2801219,.3368272,.4566691,.6144289
"0. Low",2000m11,844790,824124,3492712,7.20e+07,1621500,.4751105,.6445675,.4620347,.6199611,.2734016,.3280623,.4519165,.6054942
"0. Low",2000m12,872309,1511977,3345265,7.18e+07,1466307,.1136989,.1206986,.3550604,.4385986,.2703575,.3243587,.4492114,.6003594
"0. Low",2001m1,1289061,1188560,4153472,7.02e+07,1995978,.228562,.259499,.4176243,.5406395,.2676305,.3206265,.4466237,.5956894
"0. Low",2001m2,1211041,943413,4147559,6.97e+07,1728678,.2463444,.2828198,.4079768,.5242095,.2622199,.3130963,.4413431,.5856746
"0. Low",2001m3,1222463,931796,4057627,7.09e+07,1602176,.3950144,.5025506,.5434639,.7840876,.2588028,.3082857,.4347364,.5736132
"0. Low",2001m4,1115613,827519,3282325,6.24e+07,1429872,.2347881,.2676026,.420618,.5457932,.2551878,.3036995,.4269582,.5607339
"0. Low",2001m5,1305278,1141319,3652993,6.97e+07,1751273,.1507994,.1634598,.4623524,.6205519,.2478747,.2923388,.4182478,.5462372
"0. Low",2001m6,1232149,1092689,4194813,7.05e+07,2230790,.2833461,.3331623,.4292601,.5608218,.2419494,.2827444,.4116436,.53553
"0. Low",2001m7,1321464,1141280,4147509,7.13e+07,1753362,.230767,.2623613,.4268784,.5566574,.2406526,.2812407,.4060614,.5268445
"0. Low",2001m8,1281348,966833,4157234,7.11e+07,1780207,.2712452,.316418,.4416461,.5827622,.2372444,.2769182,.3997765,.5167769
"0. Low",2001m9,1102251,1078894,4108498,7.08e+07,1787290,.2609014,.302324,.3733126,.4673074,.2284448,.264498,.3891753,.4980043
"0. Low",2001m10,1220038,1342509,4379094,7.05e+07,1804350,.1435064,.1549084,.3276095,.3969161,.2239584,.2576214,.380075,.4814756
"0. Low",2001m11,1117814,1068064,4818730,7.07e+07,1874269,.3559349,.4399554,.3643082,.4530415,.2261645,.2604279,.3747918,.4724576
"0. Low",2001m12,1030537,1708736,4812312,7.02e+07,1749085,.0906676,.0950446,.2942858,.3485449,.2259696,.2599924,.3699882,.4641879
"0. Low",2002m1,1633550,1264485,5640476,6.85e+07,2244359,.2204699,.2490639,.3444247,.422242,.2246221,.2581615,.3669519,.4590474
"0. Low",2002m2,1338635,1026102,5423023,6.91e+07,1725266,.1726401,.1895154,.3303384,.4009828,.2250749,.2588066,.3635939,.4533177
"0. Low",2002m3,1356108,1009875,5496667,6.91e+07,1865077,.2575284,.2977707,.366676,.4567732,.2268354,.2612385,.3607593,.448625
"0. Low",2002m4,1412489,1000157,5081276,6.89e+07,1600105,.2646014,.3073427,.3789965,.4764186,.2284668,.2633832,.3582126,.4447906
"0. Low",2002m5,1179621,1214275,4951038,6.99e+07,1795548,.173931,.191077,.3771789,.4734959,.2282201,.2628236,.3557847,.4411622
"0. Low",2002m6,1235555,1156012,5245911,7.05e+07,2162300,.2555377,.2950931,.3991467,.5094044,.2268109,.2609525,.3526407,.4366593
"0. Low",2002m7,1410615,1206513,5111896,7.01e+07,1959873,.2262364,.2564889,.3841199,.484703,.2236121,.257096,.3476521,.4295916
"0. Low",2002m8,1390029,996718,4952117,7.09e+07,1803802,.2866431,.3377734,.403814,.5172025,.2210815,.2539703,.343159,.4230771
"0. Low",2002m9,1173151,1123456,4656083,7.08e+07,1703700,.2877547,.339333,.3431124,.4202424,.2230907,.2567641,.3415853,.4207805
"0. Low",2002m10,1099497,1331816,4648089,7.12e+07,1589566,.1558055,.1693724,.2966897,.351957,.2235234,.257469,.3404149,.4189349
"0. Low",2002m11,1011973,1063885,4987776,7.12e+07,1718727,.3377166,.4120618,.3369582,.4109173,.2180011,.2508603,.3363737,.4127263
"0. Low",2002m12,1034072,1578366,4881687,7.04e+07,1574583,.075065,.0780318,.2461794,.2826009,.2142656,.2466265,.332182,.4062212
"0. Low",2003m1,1230831,1099598,5614841,6.93e+07,1934925,.1592991,.1735193,.2728049,.3185605,.2161395,.2491172,.3308781,.4041038
"0. Low",2003m2,1275442,1041497,5761899,6.87e+07,1678814,.1730766,.1900432,.2941237,.3483152,.2149418,.2474936,.3284005,.4001379
"0. Low",2003m3,1465571,949822,5714471,6.96e+07,1647283,.3053144,.3642959,.3651218,.4543221,.2100419,.2408953,.3262845,.3967301
"0. Low",2003m4,1352310,1144773,5114534,7.00e+07,1486541,.227199,.2577337,.3524618,.4345775,.208543,.2387694,.3262264,.3966851
"0. Low",2003m5,1222995,1135535,5088052,6.95e+07,1776196,.0787997,.0820778,.3067245,.3663278,.2090725,.2393928,.3262427,.3967491
"0. Low",2003m6,1332705,1145136,5832251,7.03e+07,2304829,.2610169,.3024802,.369002,.4604525,.2083251,.2385799,.3256001,.3959934
"0. Low",2003m7,1491128,1196953,5506888,6.99e+07,1826749,.2657296,.3088779,.3829696,.4828371,.21127,.2424131,.326737,.3977406
"0. Low",2003m8,1276566,1035241,5078786,7.00e+07,1680869,.2184048,.2464183,.3455013,.4238856,.2150995,.2472171,.3280353,.3996198
"0. Low",2003m9,1298619,1042319,5011874,6.92e+07,1687815,.2383974,.2723304,.3506425,.4317719,.2141888,.2458967,.3285572,.4006569
"0. Low",2003m10,1070971,1065883,4882939,7.00e+07,1628441,.1691885,.1853523,.2877658,.3393485,.2124895,.2435771,.3304119,.4036299
"0. Low",2003m11,1171685,1082640,5139442,6.99e+07,1661646,.3370422,.411044,.3462711,.4250625,.2151097,.2464569,.332617,.4069431
"0. Low",2003m12,974773,1385649,4792882,7.01e+07,1433080,.0578015,.0595394,.2214461,.250317,.2169571,.248288,.3350509,.4106459
"0. Low",2004m1,1232824,1076260,5592106,6.91e+07,1860589,.2472394,.2840081,.324822,.3927789,.2163609,.2475441,.3356631,.4116282
"0. Low",2004m2,1115521,1023314,5232831,6.85e+07,1457164,.1770438,.1948522,.2732676,.3191969,.2170153,.2484623,.3369292,.413608
"0. Low",2004m3,1495778,918794,5225185,6.91e+07,1422317,.27949,.327796,.3985019,.5083318,.2157973,.2468917,.3380201,.415326
"0. Low",2004m4,1237734,901617,4666415,7.00e+07,1523476,.2122424,.2385648,.3635939,.4519184,.2177534,.2493214,.3401503,.4184263
"0. Low",2004m5,1185553,1030714,4706718,6.97e+07,1736983,.1566404,.1703618,.3485169,.4285039,.2187181,.2501338,.3424802,.4218329
"0. Low",2004m6,1453267,1222523,5191979,7.04e+07,2125632,.2275142,.2581417,.3856215,.4871442,.2199453,.2507796,.34543,.4257989
"0. Low",2004m7,1219361,1023153,5033883,7.14e+07,1844043,.2849218,.3353634,.3810444,.4797218,.2205815,.2510422,.3481183,.4293827
"0. Low",2004m8,1479400,1104383,4704003,7.08e+07,1588253,.2149191,.2419685,.3778131,.4745148,.2201893,.2505011,.3502954,.4324974
"0. Low",2004m9,1283235,978523,4671546,7.06e+07,1744777,.2126525,.2390856,.3445121,.4223754,.2221028,.2528636,.3527145,.4359544
"0. Low",2004m10,1139679,1049298,4727428,7.09e+07,1665286,.2418772,.2769099,.3450208,.4231518,.2232928,.254383,.3536514,.437451
"0. Low",2004m11,1021013,1040919,4624890,7.04e+07,1528523,.2875065,.3389845,.3449323,.4230167,.2234816,.2548129,.3552444,.4399738
"0. Low",2004m12,985675,1373944,4669148,7.06e+07,1639532,.1367909,.1470983,.2935814,.3475473,.2238331,.2555054,.3565288,.4420363
"0. Low",2005m1,1265649,1117121,5147572,6.95e+07,1849199,.1835188,.2027513,.3172041,.3815593,.2266869,.2594117,.3585664,.4454106
"0. Low",2005m2,1246113,929611,5132507,6.92e+07,1617766,.2313522,.2631225,.3331366,.4051701,.2265126,.2593985,.3599276,.4476672
"0. Low",2005m3,1446516,897840,4842930,7.03e+07,1420249,.2711059,.3162268,.3966917,.5053269,.2258642,.2586125,.3622567,.4513797
"0. Low",2005m4,1148299,919748,4449731,7.13e+07,1527951,.2491865,.286598,.3878884,.4908407,.2243238,.2566546,.364219,.454533
"0. Low",2005m5,1223583,1136517,4477435,7.11e+07,1753703,.1242258,.132647,.3624548,.4501302,.2234094,.2556981,.3660932,.4575421
"0. Low",2005m6,1270750,1124404,5045626,7.25e+07,2191059,.2683665,.3124756,.4025094,.5150167,.2257544,.2587934,.3688155,.4617927
"0. Low",2005m7,1294256,1043823,4735372,7.23e+07,1720658,.3125602,.3747811,.41306,.5328327,.2281578,.2617201,.3706013,.4644327
"0. Low",2005m8,1313793,1062697,4317980,7.13e+07,1538601,.1830958,.2022334,.3784649,.475563,.2292796,.2631111,.3727731,.4677102
"0. Low",2005m9,1160195,890262,4417638,7.18e+07,1733862,.2289153,.2599571,.3997602,.5104261,.2294557,.2633749,.3739275,.4695066
"0. Low",2005m10,1146072,895421,4301794,7.22e+07,1650152,.1886452,.2090499,.3368678,.410781,.2316266,.266355,.3751069,.4714696
"0. Low",2005m11,955967,1005106,4495387,7.10e+07,1642729,.3187914,.3838868,.3980645,.507605,.2357504,.2715572,.3789379,.4778365
"0. Low",2005m12,986833,1254471,4316767,7.11e+07,1610834,.161787,.1764831,.3057863,.3649754,.2341901,.2693023,.3797221,.479257
"0. Low",2006m1,1291412,1109983,4728353,7.06e+07,1731594,.2162053,.2436081,.3478568,.4274912,.2294124,.2630346,.3771707,.4751242
"0. Low",2006m2,1146548,919558,4625616,7.04e+07,1542053,.2255879,.2556511,.3546075,.4378965,.2325847,.2670562,.3793223,.4787727
"0. Low",2006m3,1256571,938074,4520207,7.18e+07,1534869,.2810962,.3300277,.4029267,.5157154,.2383396,.2746059,.3832907,.485525
"0. Low",2006m4,1180272,896076,4145670,7.15e+07,1446775,.2912979,.34432,.4099593,.5275638,.2406112,.2775855,.3842948,.4873305
"0. Low",2006m5,1248076,1119917,4057962,7.16e+07,1611848,.1810867,.1997771,.4323286,.5662125,.2445967,.28365,.3859049,.4902088
"0. Low",2006m6,1288630,1169581,4492700,7.32e+07,2189111,.1740568,.1912293,.3514555,.4330246,.2469117,.2877164,.3873747,.492914
"0. Low",2006m7,1322002,993432,4704147,7.30e+07,1790431,.292206,.3456022,.4028811,.5156391,.2458953,.2865353,.3874896,.4931581
"0. Low",2006m8,1485801,1033012,4362579,7.22e+07,1553644,.2795862,.3279296,.4402811,.5803206,.2469436,.2879051,.3873987,.4930341
"0. Low",2006m9,1144712,901898,4044760,7.27e+07,1602942,.2705424,.315454,.4331857,.5677235,.2465434,.2873132,.3845885,.4885723
"0. Low",2006m10,1065445,984906,3935387,7.33e+07,1642759,.2015357,.225065,.3275416,.3968151,.2456078,.2860635,.382038,.4844363
"0. Low",2006m11,1095122,1094249,4236515,7.22e+07,1590131,.4015536,.5134184,.4460338,.5906517,.2443701,.2846773,.3791076,.4795235
"0. Low",2006m12,955498,1387805,3923132,7.08e+07,1576246,.1345848,.1445459,.2930906,.3468527,.2446399,.2850994,.3772357,.4763178
"0. Low",2007m1,1398907,1195170,4590308,7.04e+07,1817009,.2190143,.2471984,.3633102,.4514728,.2455601,.2861036,.3770894,.4760228
"0. Low",2007m2,1312441,899256,4484221,7.05e+07,1561619,.2479369,.2849351,.336972,.4109381,.2419037,.2811826,.3743398,.4713574
"0. Low",2007m3,1159036,916418,4288835,7.25e+07,1315671,.2491425,.2865394,.3531176,.4355907,.2366825,.2742737,.3685948,.4617939
"0. Low",2007m4,1144393,872566,4092870,7.21e+07,1318498,.3007982,.3578159,.3985572,.5084239,.2368643,.2744866,.3664245,.4580703
"0. Low",2007m5,1106947,1081067,3942809,7.16e+07,1481182,.1418806,.153012,.3733993,.4674457,.2324469,.2675529,.36263,.451764
"0. Low",2007m6,1175295,1076265,4459666,7.29e+07,1989099,.219738,.2481255,.3654597,.4548544,.2258985,.2577495,.3570783,.4427939
"0. Low",2007m7,1280794,979304,4459012,7.23e+07,1629174,.2686088,.3128068,.3853663,.4867288,.2282725,.2607846,.3565607,.4420162
"0. Low",2007m8,1212598,1009198,4270480,7.24e+07,1529821,.2154313,.2426211,.3918068,.4972627,.2273419,.259671,.355566,.4405117
"0. Low",2007m9,1139510,901374,4251859,7.26e+07,1654582,.2093872,.234947,.3437788,.4212573,.2277563,.2605977,.355606,.4406264
"0. Low",2007m10,1089868,925843,4287417,7.34e+07,1497257,.2670538,.310683,.3648626,.4539139,.2244364,.2566539,.3542421,.4384262
"0. Low",2007m11,975522,1124870,4267316,7.30e+07,1544217,.23002,.2613907,.3176435,.382203,.2174901,.2477466,.3502686,.4321866
"0. Low",2007m12,1040638,1378435,4664183,7.19e+07,1752352,.1489562,.1612917,.2882421,.3400175,.2162956,.246288,.3463429,.4261838
"0. Low",2008m1,1368626,1169929,5139353,7.09e+07,1819584,.2616189,.3032952,.3557337,.4396431,.2131823,.2422248,.3429881,.4210004
"0. Low",2008m2,1266971,1129821,4924622,6.96e+07,1613510,.1829976,.2021132,.3206778,.3866598,.2113381,.2397815,.3392457,.4151024
"0. Low",2008m3,1326760,948057,4971485,7.11e+07,1626080,.3240269,.391602,.37037,.462623,.213728,.2428818,.3354197,.4092127
"0. Low",2008m4,1241548,1163774,4524364,7.13e+07,1394168,.1462365,.158101,.3485705,.4285861,.2119121,.2405616,.3292439,.4002188
"0. Low",2008m5,1164321,1149845,5012582,7.21e+07,2065278,.1297307,.1389526,.3280238,.3975323,.2078475,.2353209,.3203807,.3877094
"0. Low",2008m6,1266174,1131650,5493946,7.23e+07,2125610,.2032215,.2271786,.3166185,.380702,.2047889,.2317848,.3128117,.3774875
"0. Low",2008m7,1417886,1267659,5645117,7.18e+07,1890656,.2104054,.2362356,.3536924,.4364797,.197474,.222897,.3034714,.3646368
"0. Low",2008m8,1427572,1184752,5642106,7.08e+07,1993624,.2293748,.2605532,.3336621,.4059584,.1896298,.2132927,.2919824,.3488521
"0. Low",2008m9,1396779,1256238,5604187,7.08e+07,1844638,.2527999,.2914223,.310101,.3712101,.1817895,.203187,.2821092,.3350464
"0. Low",2008m10,1140704,1432495,5619944,7.11e+07,1753621,.1800591,.198523,.2503199,.2881087,.1767039,.1963084,.2717399,.3203197
"0. Low",2008m11,1018275,1506019,6114041,7.00e+07,1900881,.219464,.2477744,.2194697,.2477818,.1768934,.1965254,.2619084,.3066615
"0. Low",2008m12,1103458,2032450,6804679,6.99e+07,2032485,.0861066,.0900414,.2047604,.2291119,.1760672,.1954687,.2549638,.2969936
"0. Low",2009m1,1386623,1677991,7896742,6.82e+07,2485392,.1489103,.1612377,.2150486,.2421334,.1731298,.1918447,.2458732,.2843119
"0. Low",2009m2,1391556,1479588,8200424,6.77e+07,2001865,.1074459,.1136682,.1856255,.205335,.169127,.1868594,.2345269,.2685949
"0. Low",2009m3,1837662,1272489,8591811,6.77e+07,1913595,.2114121,.2375114,.2684655,.3126109,.1611955,.1770368,.2239059,.2542335
"0. Low",2009m4,1330259,1305573,8080971,6.79e+07,1795765,.1367954,.1471036,.201611,.2251594,.1554515,.1699588,.2161475,.2440251
"0. Low",2009m5,1450037,1517578,8493109,6.80e+07,2041351,.1437198,.1551576,.2390294,.2731606,.1541453,.1683245,.2125229,.2394017
"0. Low",2009m6,1656388,1589763,8862244,6.83e+07,2399238,.1694051,.185613,.2389404,.2730436,.1519605,.1657825,.2094865,.2356551
"0. Low",2009m7,1394717,1363658,8724593,6.84e+07,1979897,.1737232,.1908254,.2131972,.2397777,.1494563,.1629824,.2048969,.2300379
"0. Low",2009m8,1579204,1383680,8592609,6.71e+07,1728075,.1699897,.1863172,.2018448,.2254522,.1492073,.1626775,.2016418,.2260527
"0. Low",2009m9,1372501,1418777,8550731,6.64e+07,1692495,.1218294,.1299143,.1870156,.2070433,.1499577,.1634887,.1993324,.2230586
"0. Low",2009m10,1394466,1262552,8771553,6.64e+07,1819942,.1731729,.1901596,.1872028,.2072736,.1511025,.1648163,.1985404,.2219515
"0. Low",2009m11,1103445,1498134,8750692,6.68e+07,1621198,.1950013,.2169146,.1955986,.2176569,.1518197,.165686,.1978305,.2210277
"0. Low",2009m12,1190364,1779143,8823439,6.57e+07,1784370,.0581348,.0598931,.155758,.1693161,.150146,.1637221,.1944988,.2167616
"0. Low",2010m1,1444172,1342603,9653093,6.62e+07,2203975,.1167816,.1241828,.1538995,.1671171,.149339,.1627654,.1922614,.213909
"0. Low",2010m2,1676611,1258705,9784494,6.52e+07,1617007,.1335989,.1434074,.1686521,.1847069,.1499835,.1635479,.19372,.2158018
"0. Low",2010m3,1903569,1151448,9628744,6.68e+07,1494425,.2032696,.2272389,.2300134,.2613822,.1530362,.1671678,.1956799,.2183253
"0. Low",2010m4,1472919,1169094,8840607,6.63e+07,1426603,.172412,.1892399,.2210563,.2498165,.153292,.1674879,.1943728,.216751
"0. Low",2010m5,1305101,1245205,8561585,6.67e+07,1675250,.1253165,.1338932,.2025465,.2263317,.1527706,.1670568,.1939576,.2163042
"0. Low",2010m6,1686273,1423731,8912408,6.69e+07,2084942,.1476384,.1597445,.1954615,.2174865,.1536451,.1683649,.19398,.2164199
"0. Low",2010m7,1462201,1405625,9002219,6.74e+07,1831844,.176123,.1937341,.2029777,.2268727,.155866,.171104,.1955127,.2183516
"0. Low",2010m8,1583859,1312769,8729490,6.67e+07,1554521,.1830575,.2021866,.2470718,.2837854,.1597362,.1756679,.1982676,.2217228
"0. Low",2010m9,1367187,1177511,8309002,6.68e+07,1736323,.1820257,.2009244,.1888262,.2092729,.1594854,.1753035,.1978872,.2212122
"0. Low",2010m10,1341326,1374878,8171428,6.67e+07,1431383,.1191168,.1268302,.1540215,.1672614,.1586805,.1743032,.1971052,.2202074
"0. Low",2010m11,1274973,1375236,8573310,6.69e+07,1660458,.2365432,.2698987,.218816,.2469445,.1558864,.1712621,.1964992,.2194483
"0. Low",2010m12,1078225,1736765,8282117,6.65e+07,1584784,.0375798,.0383041,.1330768,.1428049,.1528704,.1679512,.1970699,.2201777
"0. Low",2011m1,1382463,1180920,9151797,6.55e+07,1971838,.1906388,.21151,.2133644,.2399902,.1534508,.1686607,.1983259,.221763
"0. Low",2011m2,1452263,1159107,8566216,6.51e+07,1367087,.1526268,.1656141,.1753059,.1927427,.153124,.1682746,.1979071,.2212008
"0. Low",2011m3,1588808,1127790,8386572,6.62e+07,1322064,.178222,.1962851,.2142304,.2410917,.1516126,.1664463,.1980587,.2213474
"0. Low",2011m4,1305122,1116042,8007942,6.65e+07,1418029,.1781418,.1961874,.2180716,.2459922,.1547271,.1701662,.201655,.2257901
"0. Low",2011m5,1470117,1269085,7850478,6.56e+07,1588841,.0525301,.0539601,.1909851,.2119379,.1569019,.1726429,.2044382,.2292173
"0. Low",2011m6,1405837,1258014,8696106,6.62e+07,2344952,.1480394,.160215,.2207201,.2493849,.1580013,.173507,.2058327,.2308546
"0. Low",2011m7,1447899,1142806,8551546,6.71e+07,1774845,.189652,.2102915,.2078629,.2330208,.1583841,.1736442,.2059716,.2309278
"0. Low",2011m8,1510540,1418958,8348686,6.62e+07,1574689,.1616862,.1763628,.2321377,.2641449,.1561514,.1709741,.2062133,.2312195
"0. Low",2011m9,1400420,1087853,8086672,6.73e+07,1676031,.1671222,.1828683,.2073968,.2324326,.1568432,.1718218,.2085657,.2341771
"0. Low",2011m10,1342918,1160196,7895406,6.68e+07,1485884,.2087694,.2341658,.2217643,.2507258,.1564822,.171408,.2084762,.2340865
"0. Low",2011m11,1242478,1306634,7553721,6.71e+07,1409234,.1990868,.2220027,.2178687,.2457326,.1560963,.1708609,.2082487,.2337908
"0. Low",2011m12,1149492,1470088,7519963,6.61e+07,1611961,.10142,.1069396,.1674932,.1833139,.1579298,.1729695,.2096206,.2355375
"0. Low",2012m1,1418047,1163095,7920383,6.60e+07,1659963,.1359853,.1461655,.1822812,.2012368,.1599895,.1754764,.2133781,.2404965
"0. Low",2012m2,1405977,1095122,7938449,6.54e+07,1461803,.153697,.1668779,.2121897,.2384979,.1630182,.1792223,.2180346,.2466833
"0. Low",2012m3,1322748,904755,7623088,6.64e+07,1369096,.1937539,.2153662,.2338047,.2663182,.1630055,.1793547,.2184702,.2473762
"0. Low",2012m4,1241059,962523,7108608,6.67e+07,1267834,.153947,.1671733,.1963497,.218591,.1604861,.1763909,.2176955,.2464356
"0. Low",2012m5,1319281,1264338,7278597,6.73e+07,1565762,.067462,.0698454,.2072464,.2322428,.1613628,.1775104,.2183079,.247225
"0. Low",2012m6,1355012,1201981,7989549,6.85e+07,2219415,.177111,.194934,.2373827,.270999,.1599835,.1762612,.2183366,.2472789
"0. Low",2012m7,1483988,1254713,7829225,6.77e+07,1736257,.210014,.2357401,.281381,.330424,.1596074,.1761174,.2208917,.2505529
"0. Low",2012m8,1434940,1070016,7254994,6.71e+07,1628764,.2140131,.2408152,.2703757,.3152255,.1623954,.1794455,.2236007,.2540078
"0. Low",2012m9,1280531,1079190,6781520,6.75e+07,1488100,.1144911,.1215928,.1796143,.1979807,.1638803,.1812743,.2240865,.2546493
"0. Low",2012m10,1125480,1051865,7056961,6.76e+07,1493499,.2009335,.2243111,.2309529,.2626031,.1653151,.183043,.2261034,.2572394
"0. Low",2012m11,1025202,1266355,6905336,6.74e+07,1478201,.2279641,.2587243,.2233781,.2528017,.1669694,.1848977,.2293106,.2613606
"0. Low",2012m12,1022697,1653921,6985088,6.71e+07,1622253,.0394386,.0402374,.1626715,.1775389,.1693132,.1876303,.2322109,.2651659
"0. Low",2013m1,1468161,1105425,7815031,6.56e+07,1966218,.1889419,.2094156,.2484267,.2855865,.1695354,.1878957,.2322261,.2651525
"0. Low",2013m2,1286434,960994,7299438,6.54e+07,1425869,.167651,.1835034,.2110602,.2370653,.1679754,.1859422,.2314731,.2641305
"0. Low",2013m3,1378293,915303,6990983,6.64e+07,1232166,.2154392,.2426312,.2465921,.2831485,.16839,.1863509,.2339471,.2672912
"0. Low",2013m4,1370615,1031547,6516398,6.66e+07,1249336,.1666962,.182357,.2319674,.2639231,.1696388,.1878109,.2364852,.2705073
"0. Low",2013m5,1299619,1216784,6646923,6.72e+07,1642117,.0944148,.0991739,.2486012,.2858187,,,,
"0. Low",2013m6,1317077,1147384,7166739,6.79e+07,2172249,.2064101,.2311884,.2656367,.3087514,,,,
"0. Low",2013m7,1398674,1156030,6843482,6.83e+07,1580492,.1860486,.2058546,.253493,.2923504,,,,
"0. Low",2013m8,1360565,1013054,6583316,6.76e+07,1474609,.2005394,.223818,.2801909,.3287692,,,,
"0. Low",2013m9,1048872,1019418,6282520,6.77e+07,1543789,.1379136,.1483998,.2291752,.2602942,,,,
"0. Low",2013m10,1148496,872579,6288654,6.69e+07,1445932,.2074835,.232542,.2423069,.2774768,,,,
"0. Low",2013m11,1020640,1071853,6055715,6.76e+07,1290845,,,,,,,,
"1. High",1996m1,229243,142627,649883,2.34e+07,257777,.3846846,.4856203,.44029,.5803366,,,,
"1. High",1996m2,172048,151300,551183,2.35e+07,187437,.1789188,.1971333,.2715759,.3168718,,,,
"1. High",1996m3,157684,108132,560698,2.40e+07,159203,.4743035,.6430311,.3644992,.453342,,,,
"1. High",1996m4,143654,199057,493814,2.35e+07,137490,.1284937,.1375322,.2945117,.3488651,,,,
"1. High",1996m5,166275,169154,599516,2.37e+07,251136,.1570233,.170816,.407477,.5233656,,,,
"1. High",1996m6,201584,143778,649156,2.35e+07,293929,.2595308,.3004713,.3326535,.4044458,,,,
"1. High",1996m7,204613,175724,656404,2.39e+07,223192,.2395644,.2738638,.3367347,.4105802,.2610529,.3208929,.3694968,.4666987
"1. High",1996m8,238407,151648,650801,2.37e+07,215431,.2501779,.2879193,.452653,.6026722,.2589803,.3172157,.3680897,.464327
"1. High",1996m9,238353,123003,610988,2.42e+07,254774,.4193274,.5435681,.4573347,.6112625,.2580808,.3143618,.3680732,.4643462
"1. High",1996m10,174449,166806,521590,2.43e+07,190028,.1024234,.1080568,.4033685,.5164557,.2553922,.3091684,.3674508,.4635119
"1. High",1996m11,155451,101418,569585,2.50e+07,258388,.493152,.6795442,.4241966,.551989,.259212,.313852,.3646074,.4590833
"1. High",1996m12,162605,186893,475586,2.44e+07,147617,.1000555,.1054222,.262985,.3051471,.2662318,.3233644,.3626386,.455883
"1. High",1997m1,196015,141393,569394,2.41e+07,218880,.2746446,.3210936,.4116534,.5304391,.2629612,.3205059,.3627938,.4561168
"1. High",1997m2,147472,102668,515681,2.41e+07,180680,.2392157,.2734054,.2664419,.3098484,.2596214,.3174664,.3631672,.4567703
"1. High",1997m3,141022,111132,503454,2.49e+07,125172,.3924172,.4982668,.3692373,.4608256,.2630113,.3221605,.364366,.459014
"1. High",1997m4,140538,154884,460774,2.47e+07,143214,.1458546,.1576538,.2748376,.3213596,.2729255,.3349121,.3611921,.4543956
"1. High",1997m5,157823,139490,533058,2.43e+07,198922,.2313369,.2631025,.3589084,.4445829,.2799168,.3422576,.3533715,.4420279
"1. High",1997m6,183349,153228,562970,2.38e+07,221231,.3536938,.4364819,.3339716,.406423,.276381,.3358947,.3530253,.4408709
"1. High",1997m7,162943,200566,564417,2.43e+07,189463,.0669062,.0692496,.3391393,.4142122,.2802986,.3417505,.355187,.4437092
"1. High",1997m8,247642,135643,662297,2.47e+07,289296,.3426801,.4195845,.4592109,.6147259,.2842716,.3476487,.3597058,.45035
"1. High",1997m9,229445,134227,569568,2.53e+07,211405,.4081848,.5245609,.4795476,.6530569,.2876214,.3536174,.3710103,.4689322
"1. High",1997m10,130515,102102,439181,2.50e+07,142748,.3515066,.4331034,.3049836,.3638198,.3022705,.3754647,.3817681,.4867059
"1. High",1997m11,128775,142009,426815,2.54e+07,121577,.4118599,.5307902,.3348875,.407799,.3097323,.386614,.3852621,.4919927
"1. High",1997m12,112338,190168,441195,2.53e+07,157315,.0964879,.1014658,.3439839,.42157,.3045796,.3798831,.3874337,.4956802
"1. High",1998m1,153691,122296,520921,2.54e+07,231490,.3722349,.4655893,.3825359,.4821344,.3025912,.3771419,.3867951,.4956168
"1. High",1998m2,160006,147238,474254,2.49e+07,152604,.2369764,.2704663,.4040113,.5175337,.3068503,.3846256,.387239,.4996327
"1. High",1998m3,183857,111915,473782,2.56e+07,191132,.4750518,.6444557,.5029739,.6991128,.3090895,.3885497,.3910153,.5077694
"1. High",1998m4,126026,139362,388073,2.55e+07,152591,.4147983,.5357986,.3992883,.5096401,.3005657,.3761137,.390253,.5061709
"1. High",1998m5,135782,172222,399323,2.54e+07,166203,.1414769,.1525417,.3183137,.3831858,.299633,.3773438,.3942685,.5125734
"1. High",1998m6,174004,181619,524447,2.49e+07,252234,.3198893,.3854997,.4266856,.5563211,.3020921,.3841211,.3956957,.5151868
"1. High",1998m7,183874,170831,527513,2.56e+07,226840,.0529883,.0544438,.2310976,.2627913,.2938829,.3732245,.3919989,.509603
"1. High",1998m8,225595,126825,626386,2.57e+07,220780,.4588177,.6139991,.5779072,.8625301,.293627,.37283,.3892931,.5052673
"1. High",1998m9,202053,133133,472122,2.64e+07,207729,.3457877,.4243234,.4514808,.6005329,.2883404,.3640167,.3797368,.4891788
"1. High",1998m10,131020,133096,441964,2.58e+07,182996,.2093315,.2348765,.3147564,.3779809,.2776025,.3473621,.3723827,.4767607
"1. High",1998m11,130916,114156,463603,2.60e+07,160750,.531651,.7585416,.4214878,.5472956,.2777627,.3475329,.3726419,.4773905
"1. High",1998m12,96539,173072,390200,2.59e+07,122000,.035715,.0363684,.2916351,.3447959,.2752831,.3440035,.3716556,.4758953
"1. High",1999m1,159323,136545,512809,2.62e+07,236405,.2359865,.2691698,.346162,.4248957,.2839028,.3542947,.377185,.4837526
"1. High",1999m2,146653,118124,509917,2.60e+07,174623,.3670833,.4574164,.3754454,.4707166,.2846379,.35234,.3797596,.4850734
"1. High",1999m3,139020,149623,472358,2.60e+07,153887,.2180676,.245987,.3021882,.3598058,.2779179,.342659,.3786755,.4821559
"1. High",1999m4,152569,141575,510927,2.61e+07,181310,.4140709,.5345565,.4235772,.5509138,.2857436,.3543566,.3862182,.4949851
"1. High",1999m5,130434,185505,484872,2.64e+07,190362,.1460509,.1578837,.3002462,.3570268,.2857424,.3519818,.3866194,.4958825
"1. High",1999m6,209722,204247,618303,2.57e+07,279012,.255805,.2954522,.4210816,.5465937,.2815216,.3439902,.3819542,.4885038
"1. High",1999m7,230569,142620,602758,2.67e+07,244811,.3239443,.3914798,.369407,.4610946,.2840565,.3475375,.3853992,.4940192
"1. High",1999m8,258216,158002,565500,2.67e+07,185405,.2055049,.2300484,.5013881,.6959273,.2834813,.3463542,.390687,.5027122
"1. High",1999m9,225504,122454,571741,2.69e+07,289776,.4378189,.5759312,.5019808,.6971166,.2870596,.3513308,.3977428,.5140068
"1. High",1999m10,129347,131715,453137,2.65e+07,168399,.3051174,.3640124,.4452825,.5892964,.2925526,.3589122,.4031461,.5225822
"1. High",1999m11,120532,115227,430104,2.67e+07,178741,.4358364,.5724111,.3005901,.3575183,.298958,.3669051,.4120054,.5375222
"1. High",1999m12,136311,194769,437418,2.69e+07,136599,.030232,.0306984,.300566,.3574839,.3039452,.3736058,.4206936,.5521563
"1. High",2000m1,209340,127657,551851,2.73e+07,245906,.3023062,.359975,.4199122,.5445759,.297282,.3646516,.4207387,.5522923
"1. High",2000m2,174026,110963,495986,2.72e+07,175864,.2869577,.3382145,.4286028,.5596707,.2905114,.3557951,.418539,.5481861
"1. High",2000m3,126960,124011,477670,2.71e+07,194265,.3840727,.4846263,.4183704,.5419215,.2859075,.3493955,.4174982,.5462902
"1. High",2000m4,119260,128549,422759,2.71e+07,144932,.3798973,.4778702,.4370741,.5746072,.2826456,.3443006,.4160548,.5440742
"1. High",2000m5,193018,185189,447343,2.70e+07,209361,.3339563,.4064,.499373,.6918939,.2820792,.3439368,.4176742,.5461393
"1. High",2000m6,156017,193217,491167,2.69e+07,267215,.187592,.2077526,.4304707,.5629451,.2836175,.3463404,.4201052,.5500696
"1. High",2000m7,199539,174416,573444,2.70e+07,293710,.2322406,.2642789,.3611006,.4480083,.2860622,.3497457,.4217919,.5538348
"1. High",2000m8,232617,154048,594315,2.68e+07,227942,.1347131,.1446941,.4569008,.6104633,.2775937,.3401127,.4130077,.5427082
"1. High",2000m9,220449,96982,611235,2.76e+07,288463,.3981186,.5076948,.5214901,.7370784,.2651108,.3243629,.4022087,.5277656
"1. High",2000m10,151331,92236,460127,2.73e+07,167645,.2665308,.3099696,.3911311,.4961524,.2585756,.3144891,.3975688,.5205861
"1. High",2000m11,121208,95356,432845,2.78e+07,152688,.4608301,.6177245,.3936051,.5002239,.2509494,.3033525,.3896349,.5073041
"1. High",2000m12,138688,178828,412205,2.77e+07,149730,.0421562,.0430706,.2658968,.3091057,.2484068,.2996264,.3804528,.4923898
"1. High",2001m1,223443,136593,531421,2.78e+07,228820,.3490547,.4293297,.4950614,.6833184,.2413048,.2913861,.3707461,.4775848
"1. High",2001m2,134648,119045,464971,2.78e+07,196636,.0369657,.0376663,.1426347,.1538912,.2415233,.2927395,.3665145,.4708316
"1. High",2001m3,155687,156917,604700,2.76e+07,206050,.3344766,.4071815,.4451612,.5890777,.248431,.301424,.3592277,.4575363
"1. High",2001m4,142121,127903,530345,2.42e+07,194834,.2726471,.3183434,.2989262,.3551421,.2420582,.2930349,.349216,.4405065
"1. High",2001m5,177963,213623,599371,2.72e+07,227560,.258179,.2986473,.447107,.5925909,.2299259,.2753194,.3398781,.4264086
"1. High",2001m6,173005,191336,635962,2.70e+07,304574,.2023454,.2260796,.2623647,.3043058,.2251165,.2664376,.3334395,.4169641
"1. High",2001m7,305321,247548,754826,2.71e+07,285718,.0470413,.0481837,.2962471,.351328,.2225172,.262058,.324991,.403052
"1. High",2001m8,325590,158740,878058,2.71e+07,346847,.3251539,.3932706,.4201966,.5450662,.2303223,.2709358,.3256031,.4010693
"1. High",2001m9,262328,215703,808257,2.80e+07,299156,.3734629,.4675473,.38331,.4833888,.2395632,.2818397,.3262047,.4000281
"1. High",2001m10,246173,267855,774258,2.79e+07,275814,.1382394,.1487778,.2890303,.3411254,.2357757,.2764894,.3188321,.3884819
"1. High",2001m11,189382,137779,805004,2.78e+07,254530,.2979463,.3537454,.2715974,.3169014,.231455,.2709298,.3122795,.3780505
"1. High",2001m12,184221,215817,780973,2.76e+07,194606,.0896151,.0938878,.2333781,.2657616,.2277109,.2661623,.3055819,.3674435
"1. High",2002m1,311305,204710,915696,2.77e+07,316985,.2392126,.2734013,.3248163,.3927705,.2323713,.27136,.3028412,.3637045
"1. High",2002m2,223092,166882,863532,2.82e+07,245269,.33413,.4066609,.3275687,.3968553,.2359576,.2749838,.2988505,.3577477
"1. High",2002m3,209964,210156,785156,2.88e+07,204490,.2590937,.2998812,.2746677,.3211254,.2322093,.26936,.2956333,.3525269
"1. High",2002m4,200672,231796,813523,2.86e+07,244024,.257131,.2972356,.2924773,.3459855,.2321943,.2685163,.293084,.3487034
"1. High",2002m5,179343,229953,834294,2.85e+07,258708,.1699976,.1863267,.2962924,.3513924,.2356169,.272839,.28886,.3431141
"1. High",2002m6,236619,210774,903240,2.82e+07,316141,.2006687,.2239798,.2524379,.2909379,.2314683,.2689016,.2833793,.3360631
"1. High",2002m7,328627,266011,987999,2.78e+07,312771,.160567,.1750286,.240397,.2749594,.2277604,.2654693,.2815337,.333831
"1. High",2002m8,322862,184896,1014255,2.79e+07,263768,.2977003,.353395,.3802702,.4784718,.2258064,.2625925,.2787788,.3299829
"1. High",2002m9,216922,191474,903785,2.85e+07,275221,.3109578,.3724528,.3460225,.4246824,.2231184,.2587419,.2758071,.3257907
"1. High",2002m10,225247,214636,837382,2.82e+07,246327,.2003829,.2236222,.2651347,.308068,.2230308,.2586408,.2769733,.3274564
"1. High",2002m11,134969,151766,821351,2.86e+07,205988,.3179469,.3826477,.1941168,.2158164,.2218232,.2571113,.2776009,.328367
"1. High",2002m12,187830,250049,810254,2.82e+07,148341,-.0299536,-.0295137,.1793215,.1976239,.2181856,.2527587,.2745013,.3243482
"1. High",2003m1,213948,167549,1002073,2.86e+07,337115,.2697937,.3144282,.3345794,.407336,.2113495,.2448247,.270906,.3197248
"1. High",2003m2,173860,187547,919267,2.89e+07,252467,.2566512,.2965899,.2516886,.289936,.2066208,.2392188,.2676469,.3149031
"1. High",2003m3,186850,209833,893169,2.93e+07,205271,.2720616,.3175389,.2792271,.3274312,.2019482,.2328077,.2632327,.3082277
"1. High",2003m4,206416,198859,849031,2.92e+07,205259,.2420607,.2771519,.3159048,.3796582,.1998118,.2297602,.2607417,.3046138
"1. High",2003m5,185843,225586,869100,2.91e+07,288282,.1560844,.1697028,.2879266,.3395742,.2009196,.2310971,.2625547,.3069126
"1. High",2003m6,224872,218739,952186,2.90e+07,333323,.1272808,.1361414,.1864153,.2063052,.2019923,.2319357,.2642887,.3091857
"1. High",2003m7,306416,268413,1099404,2.88e+07,324720,.069887,.0724492,.2201311,.2486294,.2023203,.2318274,.2612197,.304901
"1. High",2003m8,356769,146612,1169182,2.90e+07,311791,.2748913,.3214338,.3223194,.3890791,.2020125,.231435,.2602472,.3033968
"1. High",2003m9,263665,199192,1046976,2.91e+07,254644,.2216259,.250548,.2980317,.353867,.2042761,.2345796,.2626214,.3066814
"1. High",2003m10,237639,160023,974962,2.98e+07,240018,.2384411,.2723877,.2533432,.2921496,.2062169,.2372634,.2638143,.3083821
"1. High",2003m11,194409,183494,925985,3.00e+07,198023,.3064747,.3659676,.2494187,.2869073,.2086691,.2403166,.2637793,.3083591
"1. High",2003m12,185643,234868,877062,2.98e+07,182035,.0072652,.0072917,.165636,.1810855,.2170517,.250818,.2712477,.3188015
"1. High",2004m1,231574,145234,1015924,2.93e+07,284135,.2404452,.2750227,.2746072,.3210419,.2301331,.2667805,.2817595,.3333374
"1. High",2004m2,215720,149103,920753,2.93e+07,183809,.2786122,.3265784,.2883216,.3401292,.2360054,.2735699,.2863119,.3397858
"1. High",2004m3,216066,212756,876976,3.00e+07,221696,.3044291,.3630223,.299576,.3560695,.2374727,.2754969,.2890301,.3438692
"1. High",2004m4,189382,212375,822374,2.95e+07,208119,.2562715,.2960792,.3241846,.3918354,.2365335,.2744847,.2896568,.3447972
"1. High",2004m5,164646,213371,824994,2.97e+07,269221,.2007251,.2240503,.2788057,.3268467,.2351934,.2732166,.2928225,.3492748
"1. High",2004m6,287188,292111,951508,2.89e+07,356527,.2838232,.3338282,.3747788,.4696497,.2439148,.283511,.30099,.3602126
"1. High",2004m7,283251,247298,928746,2.94e+07,333843,.227299,.257863,.2840508,.334146,.2481003,.2876862,.3069002,.3679628
"1. High",2004m8,348747,193628,911271,2.92e+07,246336,.2584138,.2989639,.3676579,.4583248,.2445892,.2831772,.3065194,.3674781
"1. High",2004m9,275567,161248,837034,3.00e+07,260799,.2733186,.3192672,.3179297,.3826226,.2406353,.2777826,.3050885,.36552
"1. High",2004m10,200048,175836,784093,3.06e+07,213177,.1642076,.179375,.2484871,.2856669,.2411277,.2787111,.3068818,.3682526
"1. High",2004m11,203402,158038,813377,3.05e+07,224121,.3485456,.4285479,.3302503,.4008512,.2487022,.2891646,.3134243,.3781665
"1. High",2004m12,180000,238056,767934,3.04e+07,223175,.1745085,.1917763,.2808236,.3296486,.2435786,.2833307,.3113281,.3756365
"1. High",2005m1,193031,147963,781886,2.97e+07,229606,.1736545,.1907423,.3012652,.3584839,.2400373,.2800789,.3082331,.3715337
"1. High",2005m2,172426,139489,785597,2.97e+07,239266,.2611364,.302642,.2525252,.2910546,.2414003,.2826262,.3092215,.3729884
"1. High",2005m3,205713,187046,767495,3.01e+07,180281,.2270112,.2574908,.3010313,.3581493,.2345154,.273767,.307072,.3697466
"1. High",2005m4,184433,152464,745729,3.04e+07,209274,.3455062,.4238932,.3657669,.4553387,.2365039,.2762463,.3120409,.3768937
"1. High",2005m5,224297,240988,729063,3.01e+07,256097,.2932792,.3471196,.394243,.5012764,.2418733,.2833095,.3174223,.3846953
"1. High",2005m6,163969,231318,746562,3.00e+07,304927,.0683024,.070747,.2090329,.2344989,.239106,.2803361,.3172288,.3846069
"1. High",2005m7,296465,173705,869275,2.99e+07,278769,.3578281,.4428992,.3755164,.4708302,.2443741,.2884615,.3203944,.3897676
"1. High",2005m8,245824,174532,732756,2.98e+07,189908,.1605978,.1750653,.2999157,.3565545,.2507279,.2975039,.3270456,.3997319
"1. High",2005m9,247395,167508,782585,3.07e+07,269594,.2058971,.2305423,.3340826,.4065896,.2496956,.296171,.3319525,.406848
"1. High",2005m10,195822,148888,770341,3.12e+07,249204,.2793516,.3276039,.3515885,.4332297,.2508833,.2977304,.3345179,.4106901
"1. High",2005m11,184781,165237,720382,3.11e+07,220884,.3622675,.4498364,.3563026,.4405266,.2443045,.2893161,.3329839,.40823
"1. High",2005m12,191219,202867,662278,3.12e+07,198570,.0943712,.0991258,.2501276,.2878522,.2425217,.2864065,.3400535,.4183574
"1. High",2006m1,205694,172132,771910,3.04e+07,275286,.380227,.478402,.4079349,.5241386,.2441665,.2872676,.3468713,.4281697
"1. High",2006m2,174437,187946,666355,3.05e+07,209334,.2070533,.2319993,.3054843,.3645405,.2414944,.2832095,.3462952,.4271708
"1. High",2006m3,198091,163093,691477,3.10e+07,228683,.2563209,.2961456,.3658386,.4554518,.2431596,.2853086,.3484062,.4303208
"1. High",2006m4,186703,158674,672911,3.13e+07,234403,.3447009,.4226635,.3625279,.4502447,.2490969,.2939954,.3510843,.434519
"1. High",2006m5,193125,217653,658611,3.10e+07,229649,.1361927,.1464055,.3606666,.4473292,.2567639,.3060193,.3536867,.4386511
"1. High",2006m6,205512,210866,779779,3.11e+07,358707,.182603,.2016304,.4122796,.531504,.2599621,.311197,.3556077,.4414716
"1. High",2006m7,261658,150208,787597,3.11e+07,329305,.2830026,.3326831,.3358977,.409319,.2590061,.3095725,.3550224,.4402402
"1. High",2006m8,310732,181359,746064,3.13e+07,223019,.1712923,.1878877,.325708,.394092,.2591775,.3094451,.3545223,.4392415
"1. High",2006m9,222187,166187,784456,3.19e+07,281391,.2351668,.2680975,.3589532,.4446528,.2642465,.3165052,.355725,.4410234
"1. High",2006m10,227300,135316,735294,3.24e+07,232421,.392579,.4985332,.3909919,.4959237,.2638389,.3159626,.3523819,.436114
"1. High",2006m11,156164,176796,623429,3.27e+07,175629,.4330469,.5674787,.3793584,.4770014,.2652098,.3170033,.3479724,.4295575
"1. High",2006m12,144999,248620,602075,3.23e+07,215149,.1003496,.1057491,.2731753,.3190699,.267479,.3201297,.3411211,.4191071
"1. High",2007m1,250447,158029,699686,3.19e+07,262083,.3513033,.43279,.3708392,.4633684,.2597,.3104464,.334754,.40942
"1. High",2007m2,172841,156745,610629,3.17e+07,170414,.2400901,.2745554,.3305788,.4013418,.2632392,.3156714,.3382041,.4149689
"1. High",2007m3,163315,146081,610104,3.26e+07,201336,.3449412,.4230303,.3696091,.4614152,.2722729,.3280532,.3425011,.4218162
"1. High",2007m4,178733,182850,582504,3.27e+07,197900,.246297,.2827569,.2785234,.3264554,.2645216,.3169976,.3391165,.416656
"1. High",2007m5,186955,251053,690088,3.25e+07,269825,.2674978,.3112889,.3388423,.4137629,.2545235,.3024438,.3332726,.4076724
"1. High",2007m6,197533,258134,763625,3.27e+07,307368,.10576,.1117811,.2696716,.314261,.2546423,.3018044,.3323245,.4060389
"1. High",2007m7,349067,234849,917713,3.28e+07,360016,.17315,.190132,.3256955,.3940735,.2529094,.2988099,.3303215,.4029193
"1. High",2007m8,312918,166461,925272,3.27e+07,306454,.3660848,.4558401,.4187126,.5425099,.2475983,.2914611,.3248092,.3948064
"1. High",2007m9,263448,173903,760447,3.27e+07,222598,.2571843,.2973073,.3690763,.4605704,.2445891,.2874274,.3189063,.3861515
"1. High",2007m10,188983,191912,756784,3.32e+07,277000,.1845282,.2039885,.2996403,.3561613,.2410491,.2827178,.3177797,.3843645
"1. High",2007m11,186600,162378,779514,3.30e+07,249493,.4011435,.5127333,.3304559,.4011582,.2353913,.2754262,.3180181,.3846793
"1. High",2007m12,153173,243767,710584,3.33e+07,188665,.1351058,.1451481,.2993228,.355708,.2369738,.2769877,.3123007,.3769349
"1. High",2008m1,234211,165933,780513,3.31e+07,282623,.2749576,.3215252,.2966203,.3518584,.2387037,.2791406,.3050919,.3672409
"1. High",2008m2,190191,189231,755136,3.35e+07,206139,.1889686,.2094485,.2725006,.3181421,.2353137,.2749857,.2983908,.3571995
"1. High",2008m3,232880,134926,747365,3.39e+07,198004,.3238418,.3913281,.2860182,.3368979,.2275139,.2653624,.2885858,.3427176
"1. High",2008m4,194296,189559,694896,3.34e+07,161291,.1824374,.2014278,.3350775,.4080847,.2233289,.2605349,.2802142,.3309384
"1. High",2008m5,189749,205801,773922,3.28e+07,311870,.1955701,.2176214,.2880084,.3396891,.2173387,.2515745,.2712297,.3189197
"1. High",2008m6,204867,267725,890291,3.29e+07,339265,.2156677,.2429225,.1832895,.2024706,.2038382,.2338254,.2609186,.3051479
"1. High",2008m7,302484,343779,1042063,3.31e+07,314953,.1047585,.1106618,.2390652,.2732076,.1954162,.2238244,.2552172,.2973984
"1. High",2008m8,365012,185708,1118606,3.33e+07,325664,.3531181,.4355915,.3445163,.4223818,.191754,.2190615,.251141,.2918767
"1. High",2008m9,267373,265956,989562,3.32e+07,256334,.0829539,.0865975,.2079516,.2331328,.1895649,.2159028,.2476555,.2871725
"1. High",2008m10,214025,198244,1105718,3.36e+07,321937,.2583199,.2988373,.2598475,.300899,.1816134,.2061711,.2343785,.2702027
"1. High",2008m11,184313,258849,1078938,3.31e+07,260538,.183587,.2028349,.1546206,.1679697,.1739309,.1972994,.2180846,.2494477
"1. High",2008m12,207294,385332,1266191,3.33e+07,354079,.0286505,.0290689,.2276939,.2583743,.1679285,.1900634,.2127064,.2424994
"1. High",2009m1,290219,280836,1510750,3.26e+07,532863,.1792851,.1975795,.2314149,.2632039,.1660962,.1877367,.2094881,.2384657
"1. High",2009m2,291730,268102,1507997,3.26e+07,346857,.1967464,.2190848,.2398778,.2742761,.1637876,.1838654,.2041817,.2313174
"1. High",2009m3,294797,260649,1471953,3.30e+07,325691,.2635274,.3058833,.2349878,.2678635,.161673,.1801636,.1999608,.2255863
"1. High",2009m4,208578,308814,1392867,3.31e+07,266805,.0519145,.0533106,.0674609,.0698441,.161013,.1789528,.1954844,.2199108
"1. High",2009m5,288918,336677,1657234,3.29e+07,358331,.1417145,.1528184,.1645694,.179808,.1580488,.1751387,.1933919,.2171439
"1. High",2009m6,352014,381228,1803608,3.25e+07,419104,.1254646,.1340625,.1776533,.1955933,.1589254,.1760204,.1887087,.2115158
"1. High",2009m7,421781,332643,1909962,3.25e+07,426771,.1509873,.1636811,.1674609,.1832751,.161226,.1786657,.1824698,.2039397
"1. High",2009m8,480913,319000,1940582,3.29e+07,350464,.2514813,.2896591,.2887675,.3407559,.1614907,.1790078,.1783382,.1987255
"1. High",2009m9,382090,259989,1712551,3.29e+07,332346,.1338413,.1436871,.1623981,.1772123,.1590959,.1759269,.1729167,.1919047
"1. High",2009m10,289685,253256,1736597,3.39e+07,302161,.1915919,.2126883,.1979688,.2206077,.1630715,.1801612,.1742079,.1930404
"1. High",2009m11,268793,265396,1669275,3.30e+07,276470,.1791748,.1974451,.1662782,.1818555,.1721304,.1907834,.1811209,.2012516
"1. High",2009m12,236237,302788,1672971,3.33e+07,281260,.054102,.0556205,.1036402,.1094133,.1726702,.1918598,.1832741,.2040244
"1. High",2010m1,341777,281820,1864280,3.31e+07,364696,.2090459,.2345153,.2057352,.2303384,.1703348,.1893719,.183089,.203822
"1. High",2010m2,305512,258735,1733295,3.28e+07,252563,.1733386,.1903601,.1663998,.1820014,.1680198,.1863584,.1818705,.2020384
"1. High",2010m3,368999,241921,1674769,3.30e+07,229894,.2294609,.2606649,.1783488,.1964393,.1675325,.1855414,.1808896,.2005404
"1. High",2010m4,293185,301664,1592139,3.31e+07,216063,.181395,.2001536,.1550895,.1685245,.1668149,.1847446,.1774718,.1965997
"1. High",2010m5,275378,326899,1630232,3.30e+07,285017,.2296483,.2609081,.2428526,.2781973,.1659696,.1839598,.1754262,.1944045
"1. High",2010m6,302645,403098,1658950,3.33e+07,424624,.0504868,.0518058,.1510455,.1637497,.1703926,.1892046,.1807632,.200811
"1. High",2010m7,368103,295152,1870347,3.29e+07,461974,.1699155,.1862278,.1896279,.2102618,.1713221,.19005,.1825557,.2028085
"1. High",2010m8,478066,251212,1803758,3.30e+07,288081,.1769921,.1947895,.2373556,.2709634,.1699565,.1883645,.181313,.2012776
"1. High",2010m9,323156,242449,1726956,3.37e+07,351330,.1966362,.2189476,.1902677,.2110516,.1702775,.1888245,.1824041,.2026424
"1. High",2010m10,264128,297607,1684981,3.35e+07,286609,.1115746,.1183045,.0880716,.0921938,.1721445,.1911924,.1854406,.2063636
"1. High",2010m11,287623,274087,1771067,3.32e+07,234485,.2389029,.2729943,.2270823,.2575827,.1670087,.1851762,.1845161,.2050966
"1. High",2010m12,257653,281535,1629489,3.35e+07,260600,.1005272,.1059465,.1709229,.1874421,.1628724,.1800531,.1823526,.2023132
"1. High",2011m1,261183,208915,1674596,3.36e+07,323624,.1849276,.2044783,.1814742,.2002504,.1679178,.1860171,.1850526,.2057168
"1. High",2011m2,243986,242481,1607398,3.37e+07,236698,.1646842,.1799454,.1608345,.1753473,.1750046,.1950943,.1893939,.2114287
"1. High",2011m3,319555,251749,1594434,3.41e+07,245561,.2458176,.2821211,.2101003,.2358493,.1756551,.1963456,.1917771,.2146313
"1. High",2011m4,209929,299621,1502115,3.42e+07,242672,.2098461,.2355276,.196214,.2184222,.1747209,.1952014,.1973967,.2212886
"1. High",2011m5,291440,335104,1522006,3.35e+07,314627,.0779386,.0811434,.1795413,.1978918,.1769376,.1977316,.2001616,.2243948
"1. High",2011m6,307007,297636,1701019,3.30e+07,452276,.1029259,.1086169,.1624332,.1772543,.1755442,.1961139,.1963918,.2197726
"1. High",2011m7,367125,271243,1797183,3.34e+07,372466,.2385667,.2725527,.2430398,.2784446,.1736286,.1939048,.1943462,.2173289
"1. High",2011m8,514865,334353,1702788,3.35e+07,342392,.2784234,.3263167,.2881334,.3398647,.1750836,.1957385,.1968402,.2204932
"1. High",2011m9,289873,300302,1528994,3.41e+07,316836,.1108167,.1174518,.1966881,.2190123,.1762852,.1971561,.2015992,.2265128
"1. High",2011m10,285916,228101,1587657,3.43e+07,359398,.1749736,.1923399,.2165203,.2440102,.1792826,.2012773,.2042629,.2299267
"1. High",2011m11,239443,228178,1538037,3.41e+07,294140,.2287045,.2596837,.1649928,.1803149,.1851481,.2088096,.2049085,.2307824
"1. High",2011m12,271062,330602,1516883,3.45e+07,232611,.0772828,.0804325,.1425357,.1537758,.1831383,.2067485,.2012214,.2265241
"1. High",2012m1,360682,285490,1685144,3.45e+07,384471,.1621986,.1769742,.160769,.1752693,.1775612,.2004155,.1985987,.2236065
"1. High",2012m2,311807,246883,1658699,3.45e+07,244474,.2223339,.251458,.2413934,.2762719,.1726405,.194003,.1986094,.2235927
"1. High",2012m3,310395,232218,1522132,3.54e+07,263832,.2170055,.2446296,.2437574,.2793931,.174826,.1963235,.2008381,.2264414
"1. High",2012m4,242202,211772,1403593,3.48e+07,252492,.3105957,.3719274,.2264866,.2568123,.1809816,.2038,.2023021,.2283933
"1. High",2012m5,285399,376374,1344017,3.47e+07,258319,.1179613,.1255194,.1647628,.1800395,.1788837,.2011923,.201006,.226774
"1. High",2012m6,311615,384904,1570379,3.41e+07,447806,.0146678,.0147764,.0887206,.0929058,.1774912,.1992509,.2026981,.2287984
"1. High",2012m7,422889,291848,1839193,3.43e+07,408139,.1929749,.2144004,.2538086,.2927731,.1774188,.1990717,.2040906,.2304689
"1. High",2012m8,445697,227035,1711310,3.49e+07,338920,.2059177,.2305682,.2776206,.3252048,.177145,.1989716,.2035596,.2298218
"1. High",2012m9,306416,183413,1542334,3.51e+07,306119,.2357751,.2688932,.2606913,.3020397,.1750507,.1965827,.1991472,.2243399
"1. High",2012m10,269923,229374,1408064,3.58e+07,267803,.1977488,.2203335,.1876534,.2078282,.1701018,.190297,.196235,.220839
"1. High",2012m11,236409,268963,1398584,3.53e+07,254748,.1555795,.1691047,.162751,.1776338,.1703211,.1901914,.1996042,.2251134
"1. High",2012m12,300405,269217,1450210,3.55e+07,279247,.1169893,.1244179,.1853883,.2050437,.1769302,.1974682,.2056056,.2322197
"1. High",2013m1,282210,244559,1525110,3.54e+07,343752,.1207526,.128689,.1513366,.1640927,.1830715,.2043196,.2102803,.2377731
"1. High",2013m2,260788,234540,1575489,3.57e+07,281184,.2572097,.2973415,.2380829,.2719175,.1901283,.2139627,.2092267,.2363611
"1. High",2013m3,255997,239861,1410119,3.61e+07,209727,.1318676,.141411,.1411689,.152183,.1913303,.2164134,.2075855,.2341531
"1. High",2013m4,280176,245102,1469272,3.63e+07,258218,.2769589,.3242893,.2591821,.3000004,.1875961,.2118988,.2118212,.2397188
"1. High",2013m5,250767,356782,1419126,3.58e+07,330663,.156862,.1706247,.2129282,.2394359,,,,
"1. High",2013m6,330950,349306,1545825,3.51e+07,428871,.1343846,.1443145,.1845882,.204062,,,,
"1. High",2013m7,429377,274766,1612856,3.47e+07,352372,.2206496,.2492945,.2701357,.3148966,,,,
"1. High",2013m8,359469,234020,1491000,3.58e+07,313834,.347607,.4271081,.236006,.2691954,,,,
"1. High",2013m9,295829,405193,1377911,3.60e+07,238796,.1229317,.1311705,.2629183,.3050565,,,,
"1. High",2013m10,350865,197075,1405597,3.65e+07,389964,.2209716,.2497078,.2870816,.3383883,,,,
"1. High",2013m11,238869,178838,1273838,3.63e+07,271762,,,,,,,,
