native,skill,cm,U,E,LF,u,MA_LF,MA_u
"0. Immigrant","0. Low",1996m1,842580,7685877,8528457,.0987963,,
"0. Immigrant","0. Low",1996m2,745038,7884463,8629501,.0863362,,
"0. Immigrant","0. Low",1996m3,780187,7871438,8651625,.0901781,,
"0. Immigrant","0. Low",1996m4,769463,8060860,8830323,.0871387,,
"0. Immigrant","0. Low",1996m5,662004,8090559,8752563,.0756354,,
"0. Immigrant","0. Low",1996m6,658268,8078467,8736735,.0753449,,
"0. Immigrant","0. Low",1996m7,633624,7857619,8491243,.0746209,8761068,.0776745
"0. Immigrant","0. Low",1996m8,614193,8225328,8839521,.0694826,8810263,.0769097
"0. Immigrant","0. Low",1996m9,612331,8037636,8649967,.07079,8860921,.0761087
"0. Immigrant","0. Low",1996m10,621119,8301247,8922366,.0696137,8901611,.07534
"0. Immigrant","0. Low",1996m11,630071,8277078,8907149,.0707377,8928844,.0745128
"0. Immigrant","0. Low",1996m12,602392,8276985,8879377,.0678417,8952003,.0736453
"0. Immigrant","0. Low",1997m1,823632,8332805,9156437,.0899511,8976697,.0730785
"0. Immigrant","0. Low",1997m2,705452,8476753,9182205,.0768282,9006722,.0724294
"0. Immigrant","0. Low",1997m3,749477,8565246,9314723,.0804615,9044491,.0717609
"0. Immigrant","0. Low",1997m4,716917,8426841,9143758,.0784051,9089141,.07129
"0. Immigrant","0. Low",1997m5,586637,8506099,9092736,.0645171,9124089,.0707783
"0. Immigrant","0. Low",1997m6,587655,8364717,8952372,.0656424,9156320,.0707195
"0. Immigrant","0. Low",1997m7,627173,8241077,8868250,.0707212,9184091,.0700454
"0. Immigrant","0. Low",1997m8,530824,8652301,9183125,.0578043,9201698,.0689514
"0. Immigrant","0. Low",1997m9,611950,8600855,9212805,.0664239,9216417,.0682016
"0. Immigrant","0. Low",1997m10,591127,8840015,9431142,.0626782,9233199,.0668011
"0. Immigrant","0. Low",1997m11,604029,8633101,9237130,.0653914,9258377,.0655583
"0. Immigrant","0. Low",1997m12,669180,8653752,9322932,.0717779,9285850,.0650985
"0. Immigrant","0. Low",1998m1,655013,8724373,9379386,.0698354,9322583,.0646598
"0. Immigrant","0. Low",1998m2,663200,8718631,9381831,.0706898,9364701,.0640815
"0. Immigrant","0. Low",1998m3,649563,8818783,9468346,.0686036,9397485,.0632173
"0. Immigrant","0. Low",1998m4,532117,8860790,9392907,.0566509,9421109,.0625997
"0. Immigrant","0. Low",1998m5,533271,8914597,9447868,.0564435,9441467,.0622774
"0. Immigrant","0. Low",1998m6,580217,8676362,9256579,.0626816,9455354,.061607
"0. Immigrant","0. Low",1998m7,596520,8849113,9445633,.063153,9462751,.0612081
"0. Immigrant","0. Low",1998m8,495188,9121401,9616589,.0514931,9460386,.0609481
"0. Immigrant","0. Low",1998m9,497383,9068776,9566159,.051994,9447251,.0603543
"0. Immigrant","0. Low",1998m10,600746,9044024,9644770,.0622872,9437887,.0600104
"0. Immigrant","0. Low",1998m11,552136,8959957,9512093,.0580457,9435366,.0598083
"0. Immigrant","0. Low",1998m12,591348,8789900,9381248,.0630351,9442869,.0592162
"0. Immigrant","0. Low",1999m1,655433,8843156,9498589,.0690032,9443771,.0586826
"0. Immigrant","0. Low",1999m2,600987,8604887,9205874,.065283,9435999,.058885
"0. Immigrant","0. Low",1999m3,557503,8771562,9329065,.0597598,9444517,.0592479
"0. Immigrant","0. Low",1999m4,532762,8774698,9307460,.0572403,9468143,.0586958
"0. Immigrant","0. Low",1999m5,483136,8989669,9472805,.0510024,9499987,.0577931
"0. Immigrant","0. Low",1999m6,507420,8904283,9411703,.0539137,9545824,.0568569
"0. Immigrant","0. Low",1999m7,550474,8761682,9312156,.0591135,9629715,.0558626
"0. Immigrant","0. Low",1999m8,577548,8985988,9563536,.0603906,9726801,.0549926
"0. Immigrant","0. Low",1999m9,508921,9314735,9823656,.0518057,9819073,.054527
"0. Immigrant","0. Low",1999m10,490003,9464297,9954300,.0492253,9921940,.0540807
"0. Immigrant","0. Low",1999m11,492787,9474017,9966804,.0494428,1.00e+07,.0532545
"0. Immigrant","0. Low",1999m12,493001,9533632,1.00e+07,.0491691,1.01e+07,.0523237
"0. Immigrant","0. Low",2000m1,641192,1.02e+07,1.09e+07,.0590059,1.02e+07,.0513
"0. Immigrant","0. Low",2000m2,553155,9614797,1.02e+07,.0544018,1.04e+07,.0502512
"0. Immigrant","0. Low",2000m3,629242,9952266,1.06e+07,.0594662,1.05e+07,.0496816
"0. Immigrant","0. Low",2000m4,492739,1.00e+07,1.05e+07,.0468213,1.06e+07,.0496694
"0. Immigrant","0. Low",2000m5,446357,1.03e+07,1.07e+07,.0415929,1.07e+07,.0497666
"0. Immigrant","0. Low",2000m6,439803,1.03e+07,1.07e+07,.0409843,1.08e+07,.0498587
"0. Immigrant","0. Low",2000m7,510407,1.02e+07,1.08e+07,.0474747,1.09e+07,.0497567
"0. Immigrant","0. Low",2000m8,515728,1.05e+07,1.10e+07,.0468572,1.09e+07,.049793
"0. Immigrant","0. Low",2000m9,579766,1.06e+07,1.12e+07,.051669,1.10e+07,.0499939
"0. Immigrant","0. Low",2000m10,543305,1.05e+07,1.11e+07,.0490705,1.10e+07,.0504082
"0. Immigrant","0. Low",2000m11,588370,1.07e+07,1.13e+07,.0519285,1.10e+07,.0510966
"0. Immigrant","0. Low",2000m12,551027,1.07e+07,1.13e+07,.0488946,1.10e+07,.0521665
"0. Immigrant","0. Low",2001m1,640636,1.06e+07,1.13e+07,.0568337,1.09e+07,.0531923
"0. Immigrant","0. Low",2001m2,641066,1.05e+07,1.12e+07,.0574444,1.09e+07,.0540463
"0. Immigrant","0. Low",2001m3,681011,1.04e+07,1.11e+07,.0612454,1.10e+07,.0549598
"0. Immigrant","0. Low",2001m4,533838,9174954,9708792,.054985,1.10e+07,.0556697
"0. Immigrant","0. Low",2001m5,550487,1.05e+07,1.10e+07,.0499519,1.10e+07,.0569505
"0. Immigrant","0. Low",2001m6,599926,9690195,1.03e+07,.0583012,1.10e+07,.0590649
"0. Immigrant","0. Low",2001m7,588372,1.02e+07,1.07e+07,.054778,1.11e+07,.0614239
"0. Immigrant","0. Low",2001m8,663954,1.04e+07,1.11e+07,.0600504,1.11e+07,.0631543
"0. Immigrant","0. Low",2001m9,695896,1.08e+07,1.15e+07,.0603979,1.11e+07,.0643542
"0. Immigrant","0. Low",2001m10,656539,1.08e+07,1.14e+07,.0573795,1.12e+07,.0655805
"0. Immigrant","0. Low",2001m11,865342,1.08e+07,1.16e+07,.07436,1.13e+07,.0668049
"0. Immigrant","0. Low",2001m12,892320,1.07e+07,1.16e+07,.0772079,1.13e+07,.0680544
"0. Immigrant","0. Low",2002m1,976995,1.05e+07,1.15e+07,.0851358,1.14e+07,.0693564
"0. Immigrant","0. Low",2002m2,817161,1.07e+07,1.16e+07,.0706731,1.14e+07,.0704739
"0. Immigrant","0. Low",2002m3,870667,1.05e+07,1.13e+07,.0768134,1.14e+07,.0708043
"0. Immigrant","0. Low",2002m4,787054,1.06e+07,1.14e+07,.0688492,1.14e+07,.0711805
"0. Immigrant","0. Low",2002m5,739836,1.06e+07,1.13e+07,.0654731,1.14e+07,.0714841
"0. Immigrant","0. Low",2002m6,817459,1.04e+07,1.12e+07,.0727675,1.15e+07,.0711029
"0. Immigrant","0. Low",2002m7,791507,1.03e+07,1.11e+07,.0715607,1.15e+07,.0709118
"0. Immigrant","0. Low",2002m8,794991,1.05e+07,1.13e+07,.070087,1.15e+07,.0713094
"0. Immigrant","0. Low",2002m9,681165,1.10e+07,1.17e+07,.0582912,1.15e+07,.0718785
"0. Immigrant","0. Low",2002m10,797933,1.08e+07,1.16e+07,.0685161,1.16e+07,.0720788
"0. Immigrant","0. Low",2002m11,838435,1.11e+07,1.19e+07,.0705098,1.16e+07,.0720448
"0. Immigrant","0. Low",2002m12,840515,1.08e+07,1.17e+07,.0719078,1.17e+07,.0722652
"0. Immigrant","0. Low",2003m1,1000974,1.07e+07,1.17e+07,.0858493,1.18e+07,.0726836
"0. Immigrant","0. Low",2003m2,927495,1.07e+07,1.17e+07,.0795016,1.18e+07,.0728966
"0. Immigrant","0. Low",2003m3,987885,1.11e+07,1.21e+07,.0816449,1.18e+07,.0735575
"0. Immigrant","0. Low",2003m4,837005,1.13e+07,1.22e+07,.0688237,1.18e+07,.0739594
"0. Immigrant","0. Low",2003m5,775331,1.12e+07,1.20e+07,.0646839,1.19e+07,.0734132
"0. Immigrant","0. Low",2003m6,929910,1.09e+07,1.18e+07,.0788458,1.19e+07,.0724868
"0. Immigrant","0. Low",2003m7,889278,1.09e+07,1.18e+07,.0755236,1.19e+07,.0714693
"0. Immigrant","0. Low",2003m8,831085,1.08e+07,1.17e+07,.0712361,1.19e+07,.0707183
"0. Immigrant","0. Low",2003m9,867027,1.10e+07,1.19e+07,.0730034,1.19e+07,.0697533
"0. Immigrant","0. Low",2003m10,768453,1.13e+07,1.21e+07,.0634502,1.19e+07,.0688144
"0. Immigrant","0. Low",2003m11,747639,1.12e+07,1.20e+07,.062467,1.19e+07,.0681864
"0. Immigrant","0. Low",2003m12,689934,1.13e+07,1.20e+07,.057716,1.19e+07,.0672735
"0. Immigrant","0. Low",2004m1,888002,1.09e+07,1.17e+07,.075621,1.19e+07,.0659362
"0. Immigrant","0. Low",2004m2,824583,1.07e+07,1.15e+07,.0717064,1.19e+07,.064721
"0. Immigrant","0. Low",2004m3,792337,1.12e+07,1.20e+07,.0662793,1.20e+07,.0635883
"0. Immigrant","0. Low",2004m4,746895,1.14e+07,1.21e+07,.0616556,1.20e+07,.0625433
"0. Immigrant","0. Low",2004m5,703495,1.17e+07,1.24e+07,.0567816,1.20e+07,.0617866
"0. Immigrant","0. Low",2004m6,771218,1.11e+07,1.19e+07,.064837,1.20e+07,.0617408
"0. Immigrant","0. Low",2004m7,692948,1.14e+07,1.21e+07,.0574387,1.20e+07,.0618725
"0. Immigrant","0. Low",2004m8,720415,1.13e+07,1.20e+07,.0601554,1.20e+07,.0613929
"0. Immigrant","0. Low",2004m9,694049,1.15e+07,1.22e+07,.0568984,1.20e+07,.0607461
"0. Immigrant","0. Low",2004m10,667836,1.16e+07,1.23e+07,.0544758,1.21e+07,.059973
"0. Immigrant","0. Low",2004m11,643637,1.14e+07,1.21e+07,.0532815,1.21e+07,.0589515
"0. Immigrant","0. Low",2004m12,781396,1.11e+07,1.19e+07,.0658017,1.21e+07,.0578118
"0. Immigrant","0. Low",2005m1,840420,1.10e+07,1.19e+07,.0706956,1.22e+07,.0572881
"0. Immigrant","0. Low",2005m2,765312,1.10e+07,1.18e+07,.0651233,1.22e+07,.0566964
"0. Immigrant","0. Low",2005m3,699973,1.15e+07,1.22e+07,.0573388,1.22e+07,.0558653
"0. Immigrant","0. Low",2005m4,644559,1.17e+07,1.24e+07,.05204,1.22e+07,.0554086
"0. Immigrant","0. Low",2005m5,520071,1.19e+07,1.24e+07,.0418817,1.22e+07,.055131
"0. Immigrant","0. Low",2005m6,669018,1.21e+07,1.28e+07,.052385,1.22e+07,.0545
"0. Immigrant","0. Low",2005m7,698531,1.15e+07,1.22e+07,.0573215,1.23e+07,.0534593
"0. Immigrant","0. Low",2005m8,553358,1.15e+07,1.20e+07,.0460712,1.23e+07,.0525788
"0. Immigrant","0. Low",2005m9,615028,1.14e+07,1.21e+07,.0510375,1.23e+07,.0518149
"0. Immigrant","0. Low",2005m10,627314,1.21e+07,1.27e+07,.0493754,1.23e+07,.0511229
"0. Immigrant","0. Low",2005m11,634468,1.16e+07,1.23e+07,.0517202,1.24e+07,.0507287
"0. Immigrant","0. Low",2005m12,639905,1.16e+07,1.23e+07,.0522188,1.24e+07,.0502966
"0. Immigrant","0. Low",2006m1,722741,1.15e+07,1.22e+07,.0593013,1.24e+07,.0497063
"0. Immigrant","0. Low",2006m2,676260,1.15e+07,1.22e+07,.055385,1.25e+07,.0495297
"0. Immigrant","0. Low",2006m3,612370,1.20e+07,1.26e+07,.0487432,1.26e+07,.0493944
"0. Immigrant","0. Low",2006m4,558689,1.21e+07,1.27e+07,.0440274,1.26e+07,.0487707
"0. Immigrant","0. Low",2006m5,509738,1.21e+07,1.26e+07,.0404332,1.27e+07,.0481627
"0. Immigrant","0. Low",2006m6,560941,1.23e+07,1.29e+07,.0434635,1.27e+07,.0477305
"0. Immigrant","0. Low",2006m7,667391,1.21e+07,1.28e+07,.0520766,1.27e+07,.0474323
"0. Immigrant","0. Low",2006m8,614435,1.24e+07,1.31e+07,.0470776,1.28e+07,.0476208
"0. Immigrant","0. Low",2006m9,609609,1.24e+07,1.30e+07,.0467848,1.28e+07,.0479177
"0. Immigrant","0. Low",2006m10,511078,1.27e+07,1.32e+07,.0386572,1.29e+07,.0482146
"0. Immigrant","0. Low",2006m11,602987,1.20e+07,1.26e+07,.0478478,1.29e+07,.0487215
"0. Immigrant","0. Low",2006m12,562162,1.17e+07,1.23e+07,.0457175,1.29e+07,.0491135
"0. Immigrant","0. Low",2007m1,746478,1.20e+07,1.27e+07,.0586462,1.30e+07,.0489597
"0. Immigrant","0. Low",2007m2,783838,1.22e+07,1.29e+07,.0605641,1.30e+07,.0487606
"0. Immigrant","0. Low",2007m3,666808,1.25e+07,1.32e+07,.0506896,1.30e+07,.0490123
"0. Immigrant","0. Low",2007m4,647762,1.25e+07,1.32e+07,.0492075,1.30e+07,.0497129
"0. Immigrant","0. Low",2007m5,619198,1.24e+07,1.31e+07,.0474188,1.31e+07,.0504084
"0. Immigrant","0. Low",2007m6,606653,1.26e+07,1.32e+07,.0458848,1.32e+07,.0510738
"0. Immigrant","0. Low",2007m7,605599,1.26e+07,1.32e+07,.0459649,1.32e+07,.0519545
"0. Immigrant","0. Low",2007m8,652130,1.28e+07,1.35e+07,.04841,1.32e+07,.0527417
"0. Immigrant","0. Low",2007m9,689355,1.27e+07,1.34e+07,.0514948,1.32e+07,.0538218
"0. Immigrant","0. Low",2007m10,683157,1.28e+07,1.35e+07,.0507592,1.32e+07,.0547839
"0. Immigrant","0. Low",2007m11,706381,1.28e+07,1.35e+07,.0524385,1.32e+07,.0556128
"0. Immigrant","0. Low",2007m12,748560,1.24e+07,1.31e+07,.0570968,1.32e+07,.0568924
"0. Immigrant","0. Low",2008m1,902057,1.23e+07,1.32e+07,.0684038,1.32e+07,.0583417
"0. Immigrant","0. Low",2008m2,883431,1.18e+07,1.27e+07,.0696991,1.32e+07,.0600639
"0. Immigrant","0. Low",2008m3,869877,1.20e+07,1.29e+07,.0674767,1.32e+07,.0616905
"0. Immigrant","0. Low",2008m4,707823,1.20e+07,1.28e+07,.0555113,1.31e+07,.0631858
"0. Immigrant","0. Low",2008m5,791916,1.22e+07,1.30e+07,.0610089,1.31e+07,.0649305
"0. Immigrant","0. Low",2008m6,850404,1.26e+07,1.35e+07,.0630052,1.31e+07,.0673291
"0. Immigrant","0. Low",2008m7,858472,1.26e+07,1.35e+07,.063627,1.31e+07,.0702997
"0. Immigrant","0. Low",2008m8,946081,1.22e+07,1.31e+07,.0720802,1.30e+07,.0735467
"0. Immigrant","0. Low",2008m9,872204,1.22e+07,1.30e+07,.0668633,1.30e+07,.0771518
"0. Immigrant","0. Low",2008m10,932992,1.22e+07,1.31e+07,.0712796,1.30e+07,.0806749
"0. Immigrant","0. Low",2008m11,962689,1.21e+07,1.30e+07,.0737895,1.30e+07,.0843398
"0. Immigrant","0. Low",2008m12,1229780,1.19e+07,1.32e+07,.0933132,1.30e+07,.0881907
"0. Immigrant","0. Low",2009m1,1321703,1.15e+07,1.28e+07,.103481,1.30e+07,.0921166
"0. Immigrant","0. Low",2009m2,1398717,1.10e+07,1.24e+07,.112551,1.29e+07,.0957398
"0. Immigrant","0. Low",2009m3,1401252,1.12e+07,1.26e+07,.1111461,1.29e+07,.0992101
"0. Immigrant","0. Low",2009m4,1224962,1.15e+07,1.27e+07,.0963974,1.29e+07,.1028257
"0. Immigrant","0. Low",2009m5,1408573,1.16e+07,1.30e+07,.108079,1.30e+07,.1061489
"0. Immigrant","0. Low",2009m6,1420146,1.17e+07,1.31e+07,.1083566,1.30e+07,.1090448
"0. Immigrant","0. Low",2009m7,1481691,1.17e+07,1.32e+07,.1124975,1.30e+07,.1115336
"0. Immigrant","0. Low",2009m8,1443964,1.17e+07,1.31e+07,.110167,1.30e+07,.1137661
"0. Immigrant","0. Low",2009m9,1478305,1.17e+07,1.32e+07,.1120632,1.31e+07,.1154129
"0. Immigrant","0. Low",2009m10,1468287,1.15e+07,1.30e+07,.1128554,1.31e+07,.1163197
"0. Immigrant","0. Low",2009m11,1491694,1.18e+07,1.33e+07,.1119704,1.31e+07,.1160775
"0. Immigrant","0. Low",2009m12,1626706,1.14e+07,1.31e+07,.1246328,1.31e+07,.1154614
"0. Immigrant","0. Low",2010m1,1763124,1.16e+07,1.34e+07,.131892,1.32e+07,.1153404
"0. Immigrant","0. Low",2010m2,1751018,1.10e+07,1.27e+07,.1377194,1.32e+07,.1152145
"0. Immigrant","0. Low",2010m3,1637067,1.14e+07,1.30e+07,.1255025,1.33e+07,.1147565
"0. Immigrant","0. Low",2010m4,1350334,1.17e+07,1.30e+07,.1038042,1.33e+07,.1141497
"0. Immigrant","0. Low",2010m5,1273350,1.22e+07,1.34e+07,.0948599,1.33e+07,.1141444
"0. Immigrant","0. Low",2010m6,1456612,1.22e+07,1.36e+07,.1067877,1.34e+07,.1140927
"0. Immigrant","0. Low",2010m7,1523269,1.22e+07,1.37e+07,.1111621,1.34e+07,.113584
"0. Immigrant","0. Low",2010m8,1471463,1.21e+07,1.36e+07,.1084825,1.34e+07,.1122662
"0. Immigrant","0. Low",2010m9,1397347,1.22e+07,1.36e+07,.1027553,1.34e+07,.11048
"0. Immigrant","0. Low",2010m10,1430771,1.19e+07,1.33e+07,.1075996,1.34e+07,.1100774
"0. Immigrant","0. Low",2010m11,1582720,1.19e+07,1.35e+07,.1170994,1.33e+07,.1103495
"0. Immigrant","0. Low",2010m12,1612415,1.20e+07,1.36e+07,.118262,1.33e+07,.1101009
"0. Immigrant","0. Low",2011m1,1689567,1.17e+07,1.34e+07,.1260556,1.33e+07,.109568
"0. Immigrant","0. Low",2011m2,1427215,1.13e+07,1.28e+07,.1119286,1.32e+07,.1090931
"0. Immigrant","0. Low",2011m3,1395383,1.15e+07,1.29e+07,.1084241,1.32e+07,.1089843
"0. Immigrant","0. Low",2011m4,1427888,1.14e+07,1.28e+07,.1112202,1.32e+07,.1087041
"0. Immigrant","0. Low",2011m5,1249639,1.20e+07,1.33e+07,.093974,1.32e+07,.1074631
"0. Immigrant","0. Low",2011m6,1324289,1.17e+07,1.30e+07,.1017079,1.32e+07,.1059659
"0. Immigrant","0. Low",2011m7,1384781,1.20e+07,1.34e+07,.103452,1.32e+07,.1048094
"0. Immigrant","0. Low",2011m8,1379316,1.18e+07,1.32e+07,.1047955,1.32e+07,.104248
"0. Immigrant","0. Low",2011m9,1411052,1.22e+07,1.36e+07,.1038297,1.32e+07,.1038814
"0. Immigrant","0. Low",2011m10,1322590,1.19e+07,1.33e+07,.0998019,1.32e+07,.1028093
"0. Immigrant","0. Low",2011m11,1259627,1.20e+07,1.32e+07,.095113,1.32e+07,.1017809
"0. Immigrant","0. Low",2011m12,1362598,1.17e+07,1.31e+07,.1043159,1.33e+07,.1011304
"0. Immigrant","0. Low",2012m1,1501112,1.19e+07,1.34e+07,.1122435,1.33e+07,.1002998
"0. Immigrant","0. Low",2012m2,1458973,1.15e+07,1.30e+07,.1122687,1.33e+07,.0991949
"0. Immigrant","0. Low",2012m3,1294672,1.17e+07,1.30e+07,.0992841,1.33e+07,.0980337
"0. Immigrant","0. Low",2012m4,1232310,1.18e+07,1.30e+07,.0946309,1.33e+07,.0971643
"0. Immigrant","0. Low",2012m5,1170734,1.25e+07,1.36e+07,.085881,1.33e+07,.0968609
"0. Immigrant","0. Low",2012m6,1293482,1.24e+07,1.37e+07,.094189,1.33e+07,.0963217
"0. Immigrant","0. Low",2012m7,1234129,1.23e+07,1.36e+07,.0910369,1.33e+07,.0952185
"0. Immigrant","0. Low",2012m8,1195913,1.20e+07,1.32e+07,.0906931,1.33e+07,.093987
"0. Immigrant","0. Low",2012m9,1220381,1.23e+07,1.36e+07,.0900621,1.33e+07,.0928371
"0. Immigrant","0. Low",2012m10,1226407,1.20e+07,1.32e+07,.0927037,1.33e+07,.0916771
"0. Immigrant","0. Low",2012m11,1266232,1.21e+07,1.33e+07,.0949305,1.33e+07,.0905012
"0. Immigrant","0. Low",2012m12,1210488,1.20e+07,1.32e+07,.0915586,1.33e+07,.0890957
"0. Immigrant","0. Low",2013m1,1298734,1.19e+07,1.32e+07,.098524,1.33e+07,.087483
"0. Immigrant","0. Low",2013m2,1259337,1.18e+07,1.31e+07,.0964323,1.33e+07,.0864575
"0. Immigrant","0. Low",2013m3,1160870,1.21e+07,1.33e+07,.0875214,1.33e+07,.0855422
"0. Immigrant","0. Low",2013m4,1019361,1.20e+07,1.30e+07,.078554,1.33e+07,.0844141
"0. Immigrant","0. Low",2013m5,987925,1.24e+07,1.34e+07,.0737362,1.33e+07,.0830312
"0. Immigrant","0. Low",2013m6,972601,1.24e+07,1.34e+07,.0726011,,
"0. Immigrant","0. Low",2013m7,991272,1.24e+07,1.34e+07,.0739202,,
"0. Immigrant","0. Low",2013m8,1110904,1.22e+07,1.34e+07,.0831994,,
"0. Immigrant","0. Low",2013m9,1013168,1.24e+07,1.34e+07,.0755868,,
"0. Immigrant","0. Low",2013m10,1047388,1.20e+07,1.31e+07,.0801049,,
"0. Immigrant","0. Low",2013m11,991928,1.24e+07,1.33e+07,.0743396,,
"0. Immigrant","1. High",1996m1,141208,2774053,2915261,.0484375,,
"0. Immigrant","1. High",1996m2,105385,2818583,2923968,.0360418,,
"0. Immigrant","1. High",1996m3,94465,2856279,2950744,.032014,,
"0. Immigrant","1. High",1996m4,84417,2702846,2787263,.0302867,,
"0. Immigrant","1. High",1996m5,90970,2723462,2814432,.0323227,,
"0. Immigrant","1. High",1996m6,93711,2666191,2759902,.0339545,,
"0. Immigrant","1. High",1996m7,152192,2747813,2900005,.0524799,2936152,.0380944
"0. Immigrant","1. High",1996m8,147616,2937592,3085208,.0478464,2950933,.0376361
"0. Immigrant","1. High",1996m9,148356,3031649,3180005,.0466528,2976938,.0375563
"0. Immigrant","1. High",1996m10,123686,2891838,3015524,.0410164,3013881,.0376108
"0. Immigrant","1. High",1996m11,110779,2821309,2932088,.0377816,3045768,.0381935
"0. Immigrant","1. High",1996m12,65695,2844479,2910174,.0225743,3064541,.038994
"0. Immigrant","1. High",1997m1,121007,2912749,3033756,.0398869,3076893,.0387782
"0. Immigrant","1. High",1997m2,106158,3054053,3160211,.0335921,3084938,.0376438
"0. Immigrant","1. High",1997m3,108673,3229960,3338633,.0325501,3091566,.0365609
"0. Immigrant","1. High",1997m4,102057,3183954,3286011,.031058,3103032,.0356559
"0. Immigrant","1. High",1997m5,140292,2940672,3080964,.0455351,3120407,.0345657
"0. Immigrant","1. High",1997m6,117621,2826313,2943934,.0399537,3144316,.0340691
"0. Immigrant","1. High",1997m7,124416,2887995,3012411,.0413011,3171130,.0336375
"0. Immigrant","1. High",1997m8,100674,3065197,3165871,.0317998,3192385,.0328049
"0. Immigrant","1. High",1997m9,119621,3138807,3258428,.0367113,3211009,.0320343
"0. Immigrant","1. High",1997m10,93920,3118362,3212282,.0292378,3225258,.0309685
"0. Immigrant","1. High",1997m11,73751,3078569,3152320,.0233958,3238526,.0293574
"0. Immigrant","1. High",1997m12,81724,3182053,3263777,.0250397,3256745,.0277286
"0. Immigrant","1. High",1998m1,89951,3233730,3323681,.0270637,3277473,.026623
"0. Immigrant","1. High",1998m2,89354,3291055,3380409,.0264329,3295745,.0262446
"0. Immigrant","1. High",1998m3,75642,3489760,3565402,.0212156,3307422,.025969
"0. Immigrant","1. High",1998m4,57184,3344048,3401232,.0168127,3319782,.0255607
"0. Immigrant","1. High",1998m5,69341,3214832,3284173,.0211137,3342038,.0254926
"0. Immigrant","1. High",1998m6,80352,3097613,3177965,.0252841,3364884,.0253351
"0. Immigrant","1. High",1998m7,96431,3179431,3275862,.0294368,3381760,.0252658
"0. Immigrant","1. High",1998m8,115541,3225401,3340942,.0345834,3394183,.025283
"0. Immigrant","1. High",1998m9,91867,3271732,3363599,.0273121,3389560,.0256502
"0. Immigrant","1. High",1998m10,98156,3305604,3403760,.0288375,3381724,.0264104
"0. Immigrant","1. High",1998m11,77455,3417526,3494981,.0221618,3393388,.0265195
"0. Immigrant","1. High",1998m12,78041,3391387,3469428,.0224939,3415285,.0261165
"0. Immigrant","1. High",1999m1,98460,3424600,3523060,.0279473,3436258,.0257872
"0. Immigrant","1. High",1999m2,90320,3388859,3479179,.0259601,3455869,.0251874
"0. Immigrant","1. High",1999m3,102353,3253332,3355685,.0305014,3477109,.0248314
"0. Immigrant","1. High",1999m4,88214,3334657,3422871,.0257719,3494979,.0247129
"0. Immigrant","1. High",1999m5,52335,3490137,3542472,.0147736,3504736,.0245011
"0. Immigrant","1. High",1999m6,75626,3369564,3445190,.0219512,3514207,.0246087
"0. Immigrant","1. High",1999m7,87333,3424652,3511985,.0248671,3533699,.0246762
"0. Immigrant","1. High",1999m8,88523,3486982,3575505,.0247582,3565179,.0245763
"0. Immigrant","1. High",1999m9,104046,3534736,3638782,.0285936,3607941,.0242415
"0. Immigrant","1. High",1999m10,87914,3469545,3557459,.0247126,3663088,.0240546
"0. Immigrant","1. High",1999m11,75813,3499637,3575450,.0212038,3712517,.0244904
"0. Immigrant","1. High",1999m12,94141,3522127,3616268,.0260326,3752793,.0249653
"0. Immigrant","1. High",2000m1,100058,3743976,3844034,.0260294,3790682,.0252036
"0. Immigrant","1. High",2000m2,99720,3813991,3913711,.0254797,3823808,.0253809
"0. Immigrant","1. High",2000m3,90584,3856857,3947441,.0229475,3855901,.025334
"0. Immigrant","1. High",2000m4,119823,4034821,4154644,.0288407,3888229,.024978
"0. Immigrant","1. High",2000m5,88586,3908412,3996998,.0221631,3923764,.0249096
"0. Immigrant","1. High",2000m6,102726,3854568,3957294,.0259586,3959776,.0247665
"0. Immigrant","1. High",2000m7,103903,3805313,3909216,.026579,3990574,.0242316
"0. Immigrant","1. High",2000m8,108477,3864811,3973288,.0273016,4018211,.0233955
"0. Immigrant","1. High",2000m9,99981,3911256,4011237,.0249252,4045246,.022857
"0. Immigrant","1. High",2000m10,78571,3882301,3960872,.0198368,4042249,.0228895
"0. Immigrant","1. High",2000m11,98357,3926513,4024870,.0244373,4035540,.0234045
"0. Immigrant","1. High",2000m12,78064,3953077,4031141,.0193652,4044653,.024463
"0. Immigrant","1. High",2001m1,82776,4085538,4168314,.0198584,4056296,.0256898
"0. Immigrant","1. High",2001m2,49273,4203443,4252716,.0115862,4078785,.0273036
"0. Immigrant","1. High",2001m3,101820,4155465,4257285,.0239167,4104536,.0289853
"0. Immigrant","1. High",2001m4,108092,3664768,3772860,.0286499,4132735,.0309475
"0. Immigrant","1. High",2001m5,146417,4071357,4217774,.0347143,4158149,.032675
"0. Immigrant","1. High",2001m6,153511,3801723,3955234,.0388121,4181074,.0342291
"0. Immigrant","1. High",2001m7,180908,4009795,4190703,.0431689,4195756,.0362025
"0. Immigrant","1. High",2001m8,209218,4022313,4231531,.0494426,4200404,.0381298
"0. Immigrant","1. High",2001m9,188589,4182439,4371028,.0431452,4208467,.0395307
"0. Immigrant","1. High",2001m10,208367,4069483,4277850,.0487083,4242337,.0405747
"0. Immigrant","1. High",2001m11,159872,4157956,4317828,.037026,4277148,.0415933
"0. Immigrant","1. High",2001m12,189011,4099371,4288382,.0440751,4308725,.0420032
"0. Immigrant","1. High",2002m1,181240,4082209,4263449,.0425102,4340576,.0421164
"0. Immigrant","1. High",2002m2,150235,4118881,4269116,.0351911,4354728,.0420296
"0. Immigrant","1. High",2002m3,150471,4283932,4434403,.0339326,4360602,.0416924
"0. Immigrant","1. High",2002m4,192608,4216025,4408633,.0436888,4365051,.0414989
"0. Immigrant","1. High",2002m5,194908,4222553,4417461,.0441222,4382875,.0416277
"0. Immigrant","1. High",2002m6,177118,4336283,4513401,.0392427,4405269,.0417311
"0. Immigrant","1. High",2002m7,199861,4197081,4396942,.0454545,4422766,.0418168
"0. Immigrant","1. High",2002m8,196749,4168202,4364951,.0450747,4437628,.0427796
"0. Immigrant","1. High",2002m9,172606,4205984,4378590,.0394205,4448594,.0439303
"0. Immigrant","1. High",2002m10,209167,4167884,4377051,.0477872,4467946,.0444257
"0. Immigrant","1. High",2002m11,190683,4455717,4646400,.0410389,4492081,.0442216
"0. Immigrant","1. High",2002m12,191336,4305932,4497268,.0425449,4504537,.044398
"0. Immigrant","1. High",2003m1,206255,4268246,4474501,.0460956,4517693,.0453444
"0. Immigrant","1. High",2003m2,241553,4173201,4414754,.0547149,4540073,.0463378
"0. Immigrant","1. High",2003m3,191294,4360647,4551941,.0420247,4566399,.0472538
"0. Immigrant","1. High",2003m4,225824,4529725,4755549,.0474864,4598329,.0480171
"0. Immigrant","1. High",2003m5,164718,4485061,4649779,.0354249,4627797,.0486598
"0. Immigrant","1. High",2003m6,238962,4341068,4580030,.0521748,4648021,.0488947
"0. Immigrant","1. High",2003m7,256629,4389432,4646061,.0552358,4664728,.0486761
"0. Immigrant","1. High",2003m8,275158,4377797,4652955,.0591362,4675084,.0477257
"0. Immigrant","1. High",2003m9,223571,4498830,4722401,.0473427,4681502,.0468027
"0. Immigrant","1. High",2003m10,279252,4520302,4799554,.0581829,4680777,.0461021
"0. Immigrant","1. High",2003m11,227168,4703968,4931136,.0460681,4678461,.0456477
"0. Immigrant","1. High",2003m12,202737,4495175,4697912,.0431547,4687511,.0450863
"0. Immigrant","1. High",2004m1,188103,4486715,4674818,.0402375,4699527,.0439134
"0. Immigrant","1. High",2004m2,168546,4294436,4462982,.0377653,4701369,.0424248
"0. Immigrant","1. High",2004m3,171510,4486226,4657736,.0368226,4696924,.0410724
"0. Immigrant","1. High",2004m4,166178,4466182,4632360,.0358733,4701866,.0394216
"0. Immigrant","1. High",2004m5,170444,4546939,4717383,.0361311,4707635,.0379653
"0. Immigrant","1. High",2004m6,179711,4549927,4729638,.0379968,4712739,.0375369
"0. Immigrant","1. High",2004m7,197437,4587403,4784840,.041263,4723588,.0372837
"0. Immigrant","1. High",2004m8,170407,4387955,4558362,.0373834,4735907,.0371956
"0. Immigrant","1. High",2004m9,172578,4537749,4710327,.0366382,4743182,.0369465
"0. Immigrant","1. High",2004m10,144294,4785931,4930225,.0292672,4747257,.036646
"0. Immigrant","1. High",2004m11,197721,4741200,4938921,.0400332,4751492,.0367652
"0. Immigrant","1. High",2004m12,187244,4625377,4812621,.0389069,4752210,.0366265
"0. Immigrant","1. High",2005m1,185157,4635334,4820491,.0384104,4754687,.0360856
"0. Immigrant","1. High",2005m2,172883,4440092,4612975,.0374775,4770881,.0353103
"0. Immigrant","1. High",2005m3,145772,4536560,4682332,.0311323,4797491,.0343304
"0. Immigrant","1. High",2005m4,161638,4543940,4705578,.0343503,4816315,.0339842
"0. Immigrant","1. High",2005m5,192272,4553520,4745792,.0405142,4825479,.0337128
"0. Immigrant","1. High",2005m6,142900,4575565,4718465,.0302853,4843970,.0329597
"0. Immigrant","1. High",2005m7,174770,4680696,4855466,.0359945,4861057,.0321294
"0. Immigrant","1. High",2005m8,117250,4759134,4876384,.0240445,4877628,.0311245
"0. Immigrant","1. High",2005m9,133108,4897830,5030938,.0264579,4909379,.0304034
"0. Immigrant","1. High",2005m10,157614,4903792,5061406,.0311404,4942574,.0299201
"0. Immigrant","1. High",2005m11,159108,4868571,5027679,.0316464,4967336,.0289087
"0. Immigrant","1. High",2005m12,150993,5016654,5167647,.0292189,4988732,.0280164
"0. Immigrant","1. High",2006m1,137352,4738200,4875552,.0281716,5018305,.0272542
"0. Immigrant","1. High",2006m2,116942,4838674,4955616,.0235979,5054112,.0265843
"0. Immigrant","1. High",2006m3,141350,4960366,5101716,.0277064,5085827,.026538
"0. Immigrant","1. High",2006m4,133046,4949831,5082877,.0261753,5108520,.0262906
"0. Immigrant","1. High",2006m5,121180,4841591,4962771,.0244178,5136649,.0256909
"0. Immigrant","1. High",2006m6,125199,4889788,5014987,.024965,5161750,.0251736
"0. Immigrant","1. High",2006m7,121297,5147408,5268705,.0230222,5183597,.0249041
"0. Immigrant","1. High",2006m8,111455,5211060,5322515,.0209403,5207556,.0250267
"0. Immigrant","1. High",2006m9,152092,5193873,5345965,.0284499,5222811,.0249407
"0. Immigrant","1. High",2006m10,122806,5168196,5291002,.0232103,5236529,.0245637
"0. Immigrant","1. High",2006m11,137839,5335333,5473172,.0251845,5259523,.0245487
"0. Immigrant","1. High",2006m12,123879,5200722,5324601,.0232654,5295372,.0244977
"0. Immigrant","1. High",2007m1,145009,5097897,5242906,.0276581,5327923,.0245801
"0. Immigrant","1. High",2007m2,139679,5023605,5163284,.0270524,5345768,.0249819
"0. Immigrant","1. High",2007m3,116711,5143456,5260167,.0221877,5354673,.02504
"0. Immigrant","1. High",2007m4,118979,5134675,5253654,.0226469,5368156,.0252794
"0. Immigrant","1. High",2007m5,147416,5196431,5343847,.0275861,5379676,.0259217
"0. Immigrant","1. High",2007m6,113032,5381254,5494286,.0205726,5386140,.026413
"0. Immigrant","1. High",2007m7,163731,5406913,5570644,.0293918,5404334,.0263283
"0. Immigrant","1. High",2007m8,131944,5316906,5448850,.024215,5436158,.0262275
"0. Immigrant","1. High",2007m9,144355,5289002,5433357,.0265683,5470130,.0267838
"0. Immigrant","1. High",2007m10,170441,5356747,5527188,.0308368,5501121,.0274441
"0. Immigrant","1. High",2007m11,181807,5331661,5513468,.0329751,5521764,.0276824
"0. Immigrant","1. High",2007m12,148301,5291151,5439452,.027264,5533549,.0281128
"0. Immigrant","1. High",2008m1,120353,5444348,5564701,.0216279,5537506,.0285846
"0. Immigrant","1. High",2008m2,171874,5433389,5605263,.030663,5543622,.0290614
"0. Immigrant","1. High",2008m3,179872,5453656,5633528,.0319288,5559652,.0297945
"0. Immigrant","1. High",2008m4,161713,5462368,5624081,.0287537,5569039,.0303377
"0. Immigrant","1. High",2008m5,148739,5320107,5468846,.0271975,5573009,.0310207
"0. Immigrant","1. High",2008m6,176865,5475251,5652116,.0312918,5576471,.0322838
"0. Immigrant","1. High",2008m7,165199,5342603,5507802,.0299936,5571916,.0348427
"0. Immigrant","1. High",2008m8,198373,5460088,5658461,.0350578,5557877,.0380662
"0. Immigrant","1. High",2008m9,186869,5421612,5608481,.033319,5552650,.0405365
"0. Immigrant","1. High",2008m10,207045,5370288,5577333,.0371226,5560647,.0425139
"0. Immigrant","1. High",2008m11,239481,5319127,5558608,.0430829,5572206,.0448135
"0. Immigrant","1. High",2008m12,260017,5217392,5477409,.0474708,5573316,.0478452
"0. Immigrant","1. High",2009m1,340403,5077010,5417413,.062835,5566705,.0514051
"0. Immigrant","1. High",2009m2,361867,5053748,5415615,.0668192,5564568,.0548437
"0. Immigrant","1. High",2009m3,313716,5384030,5697746,.0550597,5562376,.0578383
"0. Immigrant","1. High",2009m4,305303,5446487,5751790,.0530796,5576750,.0604825
"0. Immigrant","1. High",2009m5,326229,5292302,5618531,.058063,5599241,.0627377
"0. Immigrant","1. High",2009m6,404654,5124440,5529094,.0731863,5611811,.0644531
"0. Immigrant","1. High",2009m7,402406,5069737,5472143,.0735372,5624530,.0655799
"0. Immigrant","1. High",2009m8,417798,5225040,5642838,.0740404,5637882,.0660387
"0. Immigrant","1. High",2009m9,368864,5202622,5571486,.0662057,5639398,.066434
"0. Immigrant","1. High",2009m10,403432,5555891,5959323,.0676976,5632015,.0667727
"0. Immigrant","1. High",2009m11,380893,5335496,5716389,.0666317,5630170,.0666096
"0. Immigrant","1. High",2009m12,365904,5255414,5621318,.0650922,5632171,.0655868
"0. Immigrant","1. High",2010m1,403102,5175640,5578742,.0722568,5631507,.0642528
"0. Immigrant","1. High",2010m2,381361,5193398,5574759,.0684085,5627285,.0632833
"0. Immigrant","1. High",2010m3,350982,5223983,5574965,.0629568,5628690,.0627989
"0. Immigrant","1. High",2010m4,303742,5393640,5697382,.0533126,5629157,.0623863
"0. Immigrant","1. High",2010m5,303470,5325195,5628665,.0539151,5625162,.0619675
"0. Immigrant","1. High",2010m6,293871,5273119,5566990,.0527881,5626510,.0619918
"0. Immigrant","1. High",2010m7,335493,5082817,5418310,.0619184,5630471,.0616446
"0. Immigrant","1. High",2010m8,349109,5246223,5595332,.0623929,5629072,.0609926
"0. Immigrant","1. High",2010m9,374354,5278347,5652701,.0662257,5625644,.060865
"0. Immigrant","1. High",2010m10,340260,5549072,5889332,.0577757,5616710,.0611619
"0. Immigrant","1. High",2010m11,378427,5312064,5690491,.0665016,5612460,.0613481
"0. Immigrant","1. High",2010m12,373750,5305831,5679581,.0658059,5619962,.0613121
"0. Immigrant","1. High",2011m1,354959,5260577,5615536,.0632102,5632919,.0614552
"0. Immigrant","1. High",2011m2,340220,5164178,5504398,.0618088,5643054,.0615617
"0. Immigrant","1. High",2011m3,369907,5193128,5563035,.0664937,5653393,.0615768
"0. Immigrant","1. High",2011m4,312668,5182228,5494896,.0569015,5672120,.0621221
"0. Immigrant","1. High",2011m5,313923,5415227,5729150,.054794,5692026,.0623241
"0. Immigrant","1. High",2011m6,288237,5358335,5646572,.0510464,5719560,.0615573
"0. Immigrant","1. High",2011m7,379053,5270629,5649682,.0670928,5755717,.060829
"0. Immigrant","1. High",2011m8,335174,5272019,5607193,.0597757,5803674,.0604189
"0. Immigrant","1. High",2011m9,407547,5481440,5888987,.0692049,5855996,.0594858
"0. Immigrant","1. High",2011m10,414264,5688219,6102483,.0678845,5898844,.0580706
"0. Immigrant","1. High",2011m11,364696,5590412,5955108,.0612409,5928719,.0570052
"0. Immigrant","1. High",2011m12,319965,5755793,6075758,.0526626,5951348,.0570321
"0. Immigrant","1. High",2012m1,358372,5728768,6087140,.0588736,5979718,.0570903
"0. Immigrant","1. High",2012m2,348167,5835590,6183757,.0563035,6017498,.0568271
"0. Immigrant","1. High",2012m3,304548,5834850,6139398,.0496055,6050922,.0560946
"0. Immigrant","1. High",2012m4,236827,5710067,5946894,.0398236,6072366,.0545189
"0. Immigrant","1. High",2012m5,277546,5716612,5994158,.0463028,6095388,.0534208
"0. Immigrant","1. High",2012m6,356560,5568081,5924641,.0601825,6122392,.0533157
"0. Immigrant","1. High",2012m7,359235,5693258,6052493,.0593532,6153620,.0534234
"0. Immigrant","1. High",2012m8,374000,5737121,6111121,.0611999,6188647,.0532785
"0. Immigrant","1. High",2012m9,310602,5876613,6187215,.0502006,6213654,.0530423
"0. Immigrant","1. High",2012m10,310081,6008833,6318914,.0490719,6227882,.0532056
"0. Immigrant","1. High",2012m11,337828,5953390,6291218,.0536983,6237118,.0535938
"0. Immigrant","1. High",2012m12,368464,6019274,6387738,.057683,6247500,.0532074
"0. Immigrant","1. High",2013m1,368233,6156398,6524631,.0564374,6257918,.05214
"0. Immigrant","1. High",2013m2,364006,6222921,6586927,.0552619,6272224,.0506907
"0. Immigrant","1. High",2013m3,285003,6051399,6336402,.0449787,6297904,.0497465
"0. Immigrant","1. High",2013m4,294637,5796713,6091350,.0483697,6329036,.0493913
"0. Immigrant","1. High",2013m5,285810,5785565,6071375,.047075,6348805,.0487221
"0. Immigrant","1. High",2013m6,305651,5790935,6096586,.0501348,,
"0. Immigrant","1. High",2013m7,268427,5862137,6130564,.043785,,
"0. Immigrant","1. High",2013m8,267715,6108689,6376404,.0419853,,
"0. Immigrant","1. High",2013m9,305687,6232553,6538240,.0467537,,
"0. Immigrant","1. High",2013m10,295420,6419666,6715086,.0439935,,
"0. Immigrant","1. High",2013m11,272084,6097408,6369492,.0427167,,
"1. Native","0. Low",1996m1,4376211,5.73e+07,6.17e+07,.0709047,,
"1. Native","0. Low",1996m2,4260752,5.77e+07,6.19e+07,.0687966,,
"1. Native","0. Low",1996m3,4152789,5.85e+07,6.27e+07,.0662507,,
"1. Native","0. Low",1996m4,3693044,5.85e+07,6.22e+07,.0593547,,
"1. Native","0. Low",1996m5,3805684,5.93e+07,6.31e+07,.0603244,,
"1. Native","0. Low",1996m6,3888654,6.06e+07,6.45e+07,.0603317,,
"1. Native","0. Low",1996m7,4168456,6.05e+07,6.47e+07,.0644317,6.34e+07,.0612672
"1. Native","0. Low",1996m8,3615384,6.05e+07,6.41e+07,.0563666,6.35e+07,.0610849
"1. Native","0. Low",1996m9,3650382,5.97e+07,6.34e+07,.0575823,6.35e+07,.0608283
"1. Native","0. Low",1996m10,3483033,6.02e+07,6.37e+07,.0546643,6.36e+07,.0605641
"1. Native","0. Low",1996m11,3832333,6.04e+07,6.42e+07,.0596853,6.37e+07,.0601452
"1. Native","0. Low",1996m12,3620273,5.96e+07,6.33e+07,.0572272,6.38e+07,.0597827
"1. Native","0. Low",1997m1,4388219,5.88e+07,6.32e+07,.0694775,6.39e+07,.0592963
"1. Native","0. Low",1997m2,4154646,5.89e+07,6.31e+07,.0658479,6.39e+07,.0587799
"1. Native","0. Low",1997m3,4008706,5.96e+07,6.36e+07,.0630414,6.39e+07,.0584376
"1. Native","0. Low",1997m4,3550848,5.96e+07,6.32e+07,.0562244,6.39e+07,.0580484
"1. Native","0. Low",1997m5,3417786,6.06e+07,6.40e+07,.0534002,6.39e+07,.0575619
"1. Native","0. Low",1997m6,3834881,6.17e+07,6.55e+07,.0585565,6.40e+07,.0568527
"1. Native","0. Low",1997m7,3560777,6.17e+07,6.53e+07,.0545324,6.40e+07,.0561628
"1. Native","0. Low",1997m8,3482984,6.12e+07,6.47e+07,.0538719,6.40e+07,.0555245
"1. Native","0. Low",1997m9,3275158,5.99e+07,6.32e+07,.0518627,6.40e+07,.0549761
"1. Native","0. Low",1997m10,3284060,6.11e+07,6.43e+07,.0510418,6.40e+07,.0544209
"1. Native","0. Low",1997m11,3302412,6.07e+07,6.40e+07,.0516325,6.40e+07,.0538869
"1. Native","0. Low",1997m12,3085934,6.09e+07,6.39e+07,.0482581,6.39e+07,.0535475
"1. Native","0. Low",1998m1,3906617,5.92e+07,6.31e+07,.0618896,6.39e+07,.0534326
"1. Native","0. Low",1998m2,3670605,5.95e+07,6.32e+07,.0581169,6.38e+07,.053302
"1. Native","0. Low",1998m3,3646924,5.97e+07,6.33e+07,.0576122,6.38e+07,.0530676
"1. Native","0. Low",1998m4,3076168,6.06e+07,6.37e+07,.0483268,6.38e+07,.0528368
"1. Native","0. Low",1998m5,3077655,6.04e+07,6.35e+07,.0484824,6.38e+07,.0525806
"1. Native","0. Low",1998m6,3594496,6.14e+07,6.50e+07,.0553293,6.38e+07,.0523579
"1. Native","0. Low",1998m7,3538428,6.08e+07,6.43e+07,.055003,6.38e+07,.0519727
"1. Native","0. Low",1998m8,3203599,6.05e+07,6.37e+07,.0502658,6.38e+07,.0516253
"1. Native","0. Low",1998m9,3146527,6.00e+07,6.31e+07,.0498432,6.38e+07,.0513617
"1. Native","0. Low",1998m10,3060719,6.13e+07,6.44e+07,.0475221,6.37e+07,.051195
"1. Native","0. Low",1998m11,3138343,6.09e+07,6.40e+07,.0490031,6.37e+07,.0511773
"1. Native","0. Low",1998m12,2902349,6.08e+07,6.37e+07,.0455418,6.37e+07,.0509752
"1. Native","0. Low",1999m1,3497845,5.97e+07,6.32e+07,.0553628,6.37e+07,.050651
"1. Native","0. Low",1999m2,3568122,5.98e+07,6.34e+07,.0563061,6.37e+07,.050338
"1. Native","0. Low",1999m3,3341561,5.96e+07,6.29e+07,.0530958,6.37e+07,.0500103
"1. Native","0. Low",1999m4,3092983,6.02e+07,6.33e+07,.0488419,6.37e+07,.0497407
"1. Native","0. Low",1999m5,3002461,6.02e+07,6.32e+07,.0475421,6.37e+07,.0494856
"1. Native","0. Low",1999m6,3309598,6.11e+07,6.44e+07,.0514209,6.37e+07,.0492227
"1. Native","0. Low",1999m7,3312057,6.15e+07,6.48e+07,.0511293,6.37e+07,.048961
"1. Native","0. Low",1999m8,2985250,6.10e+07,6.40e+07,.0466281,6.37e+07,.0486781
"1. Native","0. Low",1999m9,2886061,6.04e+07,6.33e+07,.045615,6.38e+07,.0484755
"1. Native","0. Low",1999m10,2918760,6.15e+07,6.45e+07,.0452805,6.39e+07,.0482923
"1. Native","0. Low",1999m11,2878749,6.09e+07,6.38e+07,.045123,6.39e+07,.0481889
"1. Native","0. Low",1999m12,2746520,6.10e+07,6.37e+07,.0431108,6.39e+07,.0481052
"1. Native","0. Low",2000m1,3265957,6.01e+07,6.34e+07,.0515146,6.39e+07,.0479192
"1. Native","0. Low",2000m2,3385456,6.01e+07,6.34e+07,.0533637,6.38e+07,.0478127
"1. Native","0. Low",2000m3,3288618,6.10e+07,6.43e+07,.0511756,6.38e+07,.0476507
"1. Native","0. Low",2000m4,2975998,6.12e+07,6.42e+07,.0463655,6.38e+07,.0474393
"1. Native","0. Low",2000m5,2986854,5.98e+07,6.28e+07,.0475382,6.38e+07,.0473912
"1. Native","0. Low",2000m6,3186085,6.13e+07,6.45e+07,.049414,6.38e+07,.0474243
"1. Native","0. Low",2000m7,3135297,6.13e+07,6.44e+07,.0486728,6.38e+07,.0476257
"1. Native","0. Low",2000m8,2970233,6.09e+07,6.38e+07,.0465299,6.37e+07,.0479051
"1. Native","0. Low",2000m9,2644359,6.06e+07,6.32e+07,.0418241,6.37e+07,.0480822
"1. Native","0. Low",2000m10,2791792,6.07e+07,6.35e+07,.0439976,6.33e+07,.048269
"1. Native","0. Low",2000m11,2904342,6.13e+07,6.42e+07,.0452515,6.30e+07,.0484774
"1. Native","0. Low",2000m12,2794238,6.10e+07,6.38e+07,.043778,6.29e+07,.0488377
"1. Native","0. Low",2001m1,3512836,5.96e+07,6.31e+07,.0556812,6.30e+07,.0493685
"1. Native","0. Low",2001m2,3506493,5.92e+07,6.27e+07,.0559026,6.30e+07,.0499589
"1. Native","0. Low",2001m3,3376616,6.05e+07,6.38e+07,.0528861,6.30e+07,.0507881
"1. Native","0. Low",2001m4,2748487,5.32e+07,5.59e+07,.0491383,6.30e+07,.0519023
"1. Native","0. Low",2001m5,3102506,5.92e+07,6.23e+07,.0497661,6.30e+07,.0532091
"1. Native","0. Low",2001m6,3594887,6.08e+07,6.44e+07,.0558332,6.30e+07,.0546538
"1. Native","0. Low",2001m7,3559137,6.12e+07,6.47e+07,.0549946,6.29e+07,.0561865
"1. Native","0. Low",2001m8,3493280,6.07e+07,6.42e+07,.0543761,6.29e+07,.0576906
"1. Native","0. Low",2001m9,3412602,5.99e+07,6.33e+07,.05388,6.29e+07,.059256
"1. Native","0. Low",2001m10,3722555,5.97e+07,6.34e+07,.0586821,6.31e+07,.0609123
"1. Native","0. Low",2001m11,3953388,5.99e+07,6.38e+07,.0619311,6.35e+07,.0624106
"1. Native","0. Low",2001m12,3919992,5.95e+07,6.35e+07,.06177,6.35e+07,.0636298
"1. Native","0. Low",2002m1,4663481,5.80e+07,6.26e+07,.0744753,6.35e+07,.0646773
"1. Native","0. Low",2002m2,4605862,5.83e+07,6.29e+07,.0732053,6.35e+07,.0656113
"1. Native","0. Low",2002m3,4626000,5.86e+07,6.32e+07,.0731533,6.35e+07,.0663838
"1. Native","0. Low",2002m4,4294222,5.83e+07,6.26e+07,.0686219,6.36e+07,.0667901
"1. Native","0. Low",2002m5,4211202,5.94e+07,6.36e+07,.0662437,6.36e+07,.0669529
"1. Native","0. Low",2002m6,4428452,6.01e+07,6.45e+07,.0686161,6.37e+07,.0671377
"1. Native","0. Low",2002m7,4320389,5.98e+07,6.41e+07,.0673501,6.37e+07,.0671511
"1. Native","0. Low",2002m8,4157126,6.04e+07,6.45e+07,.0644384,6.37e+07,.0672483
"1. Native","0. Low",2002m9,3974918,5.98e+07,6.37e+07,.0623569,6.37e+07,.067475
"1. Native","0. Low",2002m10,3850156,6.04e+07,6.42e+07,.0599557,6.37e+07,.0675126
"1. Native","0. Low",2002m11,4149341,6.01e+07,6.43e+07,.0645645,6.37e+07,.0675943
"1. Native","0. Low",2002m12,4041172,5.95e+07,6.36e+07,.0635731,6.36e+07,.0680244
"1. Native","0. Low",2003m1,4613867,5.86e+07,6.32e+07,.0729929,6.36e+07,.0685578
"1. Native","0. Low",2003m2,4834404,5.79e+07,6.28e+07,.0770204,6.35e+07,.0688771
"1. Native","0. Low",2003m3,4726586,5.85e+07,6.32e+07,.0747801,6.34e+07,.0691558
"1. Native","0. Low",2003m4,4277529,5.87e+07,6.30e+07,.0678975,6.33e+07,.069562
"1. Native","0. Low",2003m5,4312721,5.83e+07,6.26e+07,.0689281,6.32e+07,.070007
"1. Native","0. Low",2003m6,4902341,5.94e+07,6.43e+07,.0762548,6.31e+07,.0702887
"1. Native","0. Low",2003m7,4617610,5.91e+07,6.37e+07,.0725128,6.31e+07,.070428
"1. Native","0. Low",2003m8,4247701,5.92e+07,6.35e+07,.0669389,6.31e+07,.0702413
"1. Native","0. Low",2003m9,4144847,5.81e+07,6.23e+07,.066544,6.30e+07,.0698286
"1. Native","0. Low",2003m10,4114486,5.87e+07,6.28e+07,.0655176,6.29e+07,.0694568
"1. Native","0. Low",2003m11,4391803,5.86e+07,6.30e+07,.0696839,6.29e+07,.0690589
"1. Native","0. Low",2003m12,4102948,5.88e+07,6.29e+07,.0652145,6.29e+07,.0685909
"1. Native","0. Low",2004m1,4704104,5.83e+07,6.30e+07,.074694,6.29e+07,.0680935
"1. Native","0. Low",2004m2,4408248,5.78e+07,6.22e+07,.0708386,6.29e+07,.0677086
"1. Native","0. Low",2004m3,4432848,5.80e+07,6.24e+07,.0710578,6.29e+07,.0673903
"1. Native","0. Low",2004m4,3919520,5.86e+07,6.25e+07,.0626952,6.30e+07,.0671857
"1. Native","0. Low",2004m5,4003223,5.80e+07,6.20e+07,.0645813,6.30e+07,.0668554
"1. Native","0. Low",2004m6,4420761,5.93e+07,6.37e+07,.0693693,6.30e+07,.0664245
"1. Native","0. Low",2004m7,4340935,6.00e+07,6.43e+07,.0674605,6.30e+07,.0660116
"1. Native","0. Low",2004m8,3983588,5.95e+07,6.35e+07,.0627547,6.30e+07,.0657161
"1. Native","0. Low",2004m9,3977497,5.91e+07,6.30e+07,.0630897,6.31e+07,.0654561
"1. Native","0. Low",2004m10,4059592,5.93e+07,6.34e+07,.06406,6.31e+07,.0651292
"1. Native","0. Low",2004m11,3981253,5.90e+07,6.30e+07,.0632141,6.32e+07,.0649378
"1. Native","0. Low",2004m12,3887752,5.95e+07,6.34e+07,.0613429,6.33e+07,.0647809
"1. Native","0. Low",2005m1,4307152,5.84e+07,6.27e+07,.0686573,6.34e+07,.0644878
"1. Native","0. Low",2005m2,4367195,5.82e+07,6.26e+07,.0697828,6.34e+07,.0641208
"1. Native","0. Low",2005m3,4142957,5.88e+07,6.29e+07,.0658725,6.35e+07,.0638097
"1. Native","0. Low",2005m4,3805172,5.96e+07,6.34e+07,.0600357,6.35e+07,.0633782
"1. Native","0. Low",2005m5,3957364,5.92e+07,6.32e+07,.0626479,6.35e+07,.0630173
"1. Native","0. Low",2005m6,4376608,6.04e+07,6.48e+07,.0675355,6.35e+07,.0627984
"1. Native","0. Low",2005m7,4036841,6.08e+07,6.48e+07,.0622616,6.36e+07,.0624543
"1. Native","0. Low",2005m8,3764622,5.99e+07,6.37e+07,.059145,6.36e+07,.0619523
"1. Native","0. Low",2005m9,3802610,6.04e+07,6.42e+07,.0592314,6.36e+07,.0614769
"1. Native","0. Low",2005m10,3674480,6.02e+07,6.38e+07,.0575642,6.36e+07,.0611596
"1. Native","0. Low",2005m11,3860919,5.94e+07,6.32e+07,.061047,6.36e+07,.0607649
"1. Native","0. Low",2005m12,3676862,5.94e+07,6.31e+07,.0582561,6.36e+07,.0602121
"1. Native","0. Low",2006m1,4005612,5.91e+07,6.31e+07,.0634859,6.36e+07,.0599241
"1. Native","0. Low",2006m2,3949356,5.88e+07,6.28e+07,.0629072,6.36e+07,.059915
"1. Native","0. Low",2006m3,3907837,5.98e+07,6.37e+07,.0613367,6.36e+07,.0596866
"1. Native","0. Low",2006m4,3586981,5.94e+07,6.30e+07,.0569581,6.36e+07,.0592967
"1. Native","0. Low",2006m5,3548224,5.95e+07,6.31e+07,.0562518,6.36e+07,.0589565
"1. Native","0. Low",2006m6,3931759,6.09e+07,6.48e+07,.060666,6.36e+07,.0586005
"1. Native","0. Low",2006m7,4036756,6.08e+07,6.49e+07,.062218,6.35e+07,.0583412
"1. Native","0. Low",2006m8,3748144,5.98e+07,6.36e+07,.0589711,6.35e+07,.0581306
"1. Native","0. Low",2006m9,3435151,6.03e+07,6.37e+07,.053924,6.34e+07,.0578115
"1. Native","0. Low",2006m10,3424309,6.06e+07,6.40e+07,.0535124,6.34e+07,.0575308
"1. Native","0. Low",2006m11,3633528,6.02e+07,6.38e+07,.0569349,6.34e+07,.0573049
"1. Native","0. Low",2006m12,3360970,5.91e+07,6.24e+07,.0538234,6.34e+07,.0571531
"1. Native","0. Low",2007m1,3843830,5.85e+07,6.23e+07,.061696,6.33e+07,.0570603
"1. Native","0. Low",2007m2,3700383,5.83e+07,6.20e+07,.0596433,6.32e+07,.0569187
"1. Native","0. Low",2007m3,3622027,6.00e+07,6.36e+07,.0569409,6.32e+07,.056938
"1. Native","0. Low",2007m4,3445108,5.96e+07,6.31e+07,.0546167,6.32e+07,.057139
"1. Native","0. Low",2007m5,3323611,5.92e+07,6.25e+07,.0531734,6.32e+07,.0572021
"1. Native","0. Low",2007m6,3853013,6.03e+07,6.41e+07,.0600996,6.32e+07,.0574865
"1. Native","0. Low",2007m7,3853413,5.98e+07,6.36e+07,.0605586,6.33e+07,.0580575
"1. Native","0. Low",2007m8,3618350,5.96e+07,6.32e+07,.0572302,6.33e+07,.0585369
"1. Native","0. Low",2007m9,3562504,5.99e+07,6.35e+07,.0561298,6.33e+07,.0591093
"1. Native","0. Low",2007m10,3604260,6.06e+07,6.42e+07,.0561302,6.33e+07,.0596897
"1. Native","0. Low",2007m11,3560935,6.02e+07,6.38e+07,.0558299,6.33e+07,.060463
"1. Native","0. Low",2007m12,3915623,5.95e+07,6.34e+07,.0617561,6.34e+07,.0614932
"1. Native","0. Low",2008m1,4237296,5.86e+07,6.28e+07,.0674665,6.34e+07,.0625927
"1. Native","0. Low",2008m2,4041191,5.78e+07,6.18e+07,.0653794,6.34e+07,.0638948
"1. Native","0. Low",2008m3,4101608,5.91e+07,6.32e+07,.0649403,6.34e+07,.0653738
"1. Native","0. Low",2008m4,3816541,5.92e+07,6.30e+07,.0605479,6.34e+07,.0668782
"1. Native","0. Low",2008m5,4220666,5.99e+07,6.41e+07,.0658004,6.34e+07,.0686851
"1. Native","0. Low",2008m6,4643542,5.97e+07,6.43e+07,.0721988,6.33e+07,.0708411
"1. Native","0. Low",2008m7,4786645,5.92e+07,6.40e+07,.0748473,6.34e+07,.0734387
"1. Native","0. Low",2008m8,4696025,5.86e+07,6.33e+07,.0741918,6.35e+07,.076695
"1. Native","0. Low",2008m9,4731983,5.86e+07,6.34e+07,.074664,6.36e+07,.0804302
"1. Native","0. Low",2008m10,4686952,5.89e+07,6.36e+07,.073701,6.36e+07,.0844168
"1. Native","0. Low",2008m11,5151352,5.80e+07,6.31e+07,.0816264,6.36e+07,.088321
"1. Native","0. Low",2008m12,5574899,5.80e+07,6.36e+07,.087704,6.35e+07,.0920654
"1. Native","0. Low",2009m1,6575039,5.67e+07,6.33e+07,.1038606,6.35e+07,.0954957
"1. Native","0. Low",2009m2,6801707,5.67e+07,6.35e+07,.1071369,6.35e+07,.0987611
"1. Native","0. Low",2009m3,7190559,5.65e+07,6.37e+07,.1128261,6.34e+07,.1020876
"1. Native","0. Low",2009m4,6856009,5.64e+07,6.33e+07,.1083416,6.33e+07,.1055698
"1. Native","0. Low",2009m5,7084536,5.63e+07,6.34e+07,.1117068,6.32e+07,.1088531
"1. Native","0. Low",2009m6,7442098,5.66e+07,6.41e+07,.1161584,6.30e+07,.1115394
"1. Native","0. Low",2009m7,7242902,5.67e+07,6.40e+07,.1132145,6.29e+07,.1136963
"1. Native","0. Low",2009m8,7148645,5.55e+07,6.26e+07,.1141942,6.28e+07,.1155367
"1. Native","0. Low",2009m9,7072426,5.47e+07,6.18e+07,.1144982,6.28e+07,.1169951
"1. Native","0. Low",2009m10,7303266,5.49e+07,6.22e+07,.1174381,6.27e+07,.1180535
"1. Native","0. Low",2009m11,7258998,5.49e+07,6.22e+07,.1166891,6.26e+07,.1188206
"1. Native","0. Low",2009m12,7196733,5.43e+07,6.15e+07,.1171132,6.25e+07,.1192341
"1. Native","0. Low",2010m1,7889969,5.46e+07,6.25e+07,.1262167,6.23e+07,.1196455
"1. Native","0. Low",2010m2,8033476,5.43e+07,6.23e+07,.1289512,6.22e+07,.1200316
"1. Native","0. Low",2010m3,7991677,5.54e+07,6.34e+07,.1260122,6.22e+07,.1200764
"1. Native","0. Low",2010m4,7490273,5.46e+07,6.21e+07,.1205567,6.22e+07,.1196612
"1. Native","0. Low",2010m5,7288235,5.45e+07,6.18e+07,.1179021,6.21e+07,.1191673
"1. Native","0. Low",2010m6,7455796,5.47e+07,6.22e+07,.1198885,6.21e+07,.1186689
"1. Native","0. Low",2010m7,7478950,5.52e+07,6.27e+07,.1193568,6.20e+07,.1181493
"1. Native","0. Low",2010m8,7258027,5.46e+07,6.19e+07,.1173196,6.19e+07,.1174767
"1. Native","0. Low",2010m9,6911655,5.46e+07,6.15e+07,.1124463,6.18e+07,.1164596
"1. Native","0. Low",2010m10,6740657,5.48e+07,6.15e+07,.1095272,6.17e+07,.1153527
"1. Native","0. Low",2010m11,6990590,5.50e+07,6.20e+07,.1127444,6.16e+07,.1144319
"1. Native","0. Low",2010m12,6669702,5.45e+07,6.11e+07,.1090961,6.15e+07,.1140601
"1. Native","0. Low",2011m1,7462230,5.38e+07,6.13e+07,.1217644,6.15e+07,.1138559
"1. Native","0. Low",2011m2,7139001,5.37e+07,6.09e+07,.1172602,6.15e+07,.1135235
"1. Native","0. Low",2011m3,6991189,5.47e+07,6.17e+07,.1132929,6.15e+07,.1131855
"1. Native","0. Low",2011m4,6580054,5.51e+07,6.17e+07,.1067119,6.15e+07,.1128944
"1. Native","0. Low",2011m5,6600839,5.36e+07,6.02e+07,.1096461,6.14e+07,.1123577
"1. Native","0. Low",2011m6,7371817,5.45e+07,6.18e+07,.1192226,6.14e+07,.1116175
"1. Native","0. Low",2011m7,7166765,5.51e+07,6.23e+07,.1151214,6.13e+07,.110647
"1. Native","0. Low",2011m8,6969370,5.44e+07,6.14e+07,.1135761,6.13e+07,.1095768
"1. Native","0. Low",2011m9,6675620,5.51e+07,6.18e+07,.1080785,6.12e+07,.1087712
"1. Native","0. Low",2011m10,6572816,5.49e+07,6.15e+07,.1069083,6.12e+07,.1079625
"1. Native","0. Low",2011m11,6294094,5.51e+07,6.14e+07,.1024824,6.12e+07,.1071555
"1. Native","0. Low",2011m12,6157365,5.44e+07,6.06e+07,.1015947,6.12e+07,.1062408
"1. Native","0. Low",2012m1,6419271,5.42e+07,6.06e+07,.1059728,6.13e+07,.1053539
"1. Native","0. Low",2012m2,6479476,5.39e+07,6.03e+07,.1073675,6.12e+07,.1043877
"1. Native","0. Low",2012m3,6328416,5.46e+07,6.09e+07,.1038501,6.12e+07,.1030999
"1. Native","0. Low",2012m4,5876298,5.49e+07,6.07e+07,.0967481,6.11e+07,.1019144
"1. Native","0. Low",2012m5,6107863,5.48e+07,6.09e+07,.1002404,6.11e+07,.1010006
"1. Native","0. Low",2012m6,6696067,5.61e+07,6.28e+07,.1066768,6.11e+07,.100306
"1. Native","0. Low",2012m7,6595096,5.54e+07,6.20e+07,.1063801,6.11e+07,.1001206
"1. Native","0. Low",2012m8,6059081,5.51e+07,6.11e+07,.0991294,6.11e+07,.0999642
"1. Native","0. Low",2012m9,5561139,5.51e+07,6.07e+07,.0916185,6.10e+07,.0994276
"1. Native","0. Low",2012m10,5830554,5.56e+07,6.14e+07,.0949154,6.09e+07,.0989207
"1. Native","0. Low",2012m11,5639104,5.53e+07,6.09e+07,.0925436,6.09e+07,.0984237
"1. Native","0. Low",2012m12,5774600,5.51e+07,6.09e+07,.0948638,6.08e+07,.0978894
"1. Native","0. Low",2013m1,6516297,5.37e+07,6.02e+07,.1082541,6.08e+07,.0971464
"1. Native","0. Low",2013m2,6040101,5.36e+07,5.96e+07,.1013335,6.07e+07,.0962786
"1. Native","0. Low",2013m3,5830113,5.43e+07,6.01e+07,.0970049,6.07e+07,.0957033
"1. Native","0. Low",2013m4,5497037,5.46e+07,6.01e+07,.0914273,6.07e+07,.0951896
"1. Native","0. Low",2013m5,5658998,5.48e+07,6.04e+07,.0936324,6.06e+07,.0945072
"1. Native","0. Low",2013m6,6194138,5.55e+07,6.17e+07,.1004629,,
"1. Native","0. Low",2013m7,5852210,5.59e+07,6.18e+07,.0947612,,
"1. Native","0. Low",2013m8,5472412,5.54e+07,6.09e+07,.0899231,,
"1. Native","0. Low",2013m9,5269352,5.53e+07,6.06e+07,.0870172,,
"1. Native","0. Low",2013m10,5241266,5.49e+07,6.01e+07,.0871875,,
"1. Native","0. Low",2013m11,5063787,5.53e+07,6.04e+07,.083894,,
"1. Native","1. High",1996m1,508675,2.07e+07,2.12e+07,.0240362,,
"1. Native","1. High",1996m2,445798,2.07e+07,2.12e+07,.0210583,,
"1. Native","1. High",1996m3,466233,2.12e+07,2.17e+07,.0215324,,
"1. Native","1. High",1996m4,409397,2.08e+07,2.12e+07,.0192921,,
"1. Native","1. High",1996m5,508546,2.10e+07,2.15e+07,.0236445,,
"1. Native","1. High",1996m6,555445,2.09e+07,2.14e+07,.0259121,,
"1. Native","1. High",1996m7,504212,2.11e+07,2.16e+07,.0233288,2.16e+07,.0216073
"1. Native","1. High",1996m8,503185,2.08e+07,2.13e+07,.0236605,2.16e+07,.0213859
"1. Native","1. High",1996m9,462632,2.12e+07,2.17e+07,.0213672,2.17e+07,.0211543
"1. Native","1. High",1996m10,397904,2.14e+07,2.18e+07,.0182136,2.17e+07,.0208822
"1. Native","1. High",1996m11,458806,2.22e+07,2.27e+07,.0202339,2.18e+07,.0205263
"1. Native","1. High",1996m12,409891,2.15e+07,2.19e+07,.018686,2.18e+07,.0200809
"1. Native","1. High",1997m1,448387,2.12e+07,2.17e+07,.0206803,2.18e+07,.019735
"1. Native","1. High",1997m2,409523,2.10e+07,2.14e+07,.019101,2.18e+07,.0196678
"1. Native","1. High",1997m3,394781,2.16e+07,2.20e+07,.0179303,2.19e+07,.0196753
"1. Native","1. High",1997m4,358717,2.16e+07,2.19e+07,.0163651,2.20e+07,.0195045
"1. Native","1. High",1997m5,392766,2.14e+07,2.18e+07,.0180296,2.20e+07,.0191983
"1. Native","1. High",1997m6,445349,2.09e+07,2.14e+07,.0208365,2.20e+07,.0188912
"1. Native","1. High",1997m7,440001,2.14e+07,2.19e+07,.0201038,2.21e+07,.0187107
"1. Native","1. High",1997m8,561623,2.17e+07,2.22e+07,.0252713,2.21e+07,.0185751
"1. Native","1. High",1997m9,449947,2.21e+07,2.26e+07,.0199377,2.22e+07,.0184986
"1. Native","1. High",1997m10,345261,2.19e+07,2.22e+07,.015544,2.22e+07,.0184214
"1. Native","1. High",1997m11,353064,2.23e+07,2.27e+07,.0155552,2.23e+07,.0182129
"1. Native","1. High",1997m12,359471,2.21e+07,2.25e+07,.0159941,2.23e+07,.0180357
"1. Native","1. High",1998m1,430970,2.22e+07,2.26e+07,.0190401,2.24e+07,.0179489
"1. Native","1. High",1998m2,384900,2.16e+07,2.20e+07,.0174865,2.25e+07,.0177701
"1. Native","1. High",1998m3,398140,2.21e+07,2.25e+07,.0177077,2.26e+07,.0174844
"1. Native","1. High",1998m4,330889,2.21e+07,2.25e+07,.0147355,2.26e+07,.0173063
"1. Native","1. High",1998m5,329982,2.22e+07,2.25e+07,.0146549,2.27e+07,.0173362
"1. Native","1. High",1998m6,444095,2.18e+07,2.23e+07,.0199581,2.27e+07,.0172917
"1. Native","1. High",1998m7,431082,2.24e+07,2.28e+07,.0188996,2.27e+07,.017147
"1. Native","1. High",1998m8,510845,2.25e+07,2.30e+07,.0221844,2.28e+07,.0171288
"1. Native","1. High",1998m9,380255,2.31e+07,2.35e+07,.0161677,2.29e+07,.0170877
"1. Native","1. High",1998m10,343808,2.25e+07,2.29e+07,.0150401,2.29e+07,.0171599
"1. Native","1. High",1998m11,386148,2.26e+07,2.30e+07,.0167767,2.30e+07,.0174675
"1. Native","1. High",1998m12,312159,2.25e+07,2.28e+07,.0137048,2.30e+07,.017787
"1. Native","1. High",1999m1,414349,2.28e+07,2.32e+07,.0178549,2.31e+07,.0180579
"1. Native","1. High",1999m2,419597,2.26e+07,2.30e+07,.0182357,2.32e+07,.0180884
"1. Native","1. High",1999m3,370005,2.28e+07,2.32e+07,.0159716,2.32e+07,.0181472
"1. Native","1. High",1999m4,422713,2.28e+07,2.32e+07,.0182054,2.33e+07,.0183142
"1. Native","1. High",1999m5,432537,2.29e+07,2.33e+07,.0185678,2.33e+07,.0182676
"1. Native","1. High",1999m6,542677,2.23e+07,2.29e+07,.0237136,2.34e+07,.0182294
"1. Native","1. High",1999m7,515425,2.33e+07,2.38e+07,.0216443,2.34e+07,.0183022
"1. Native","1. High",1999m8,476977,2.32e+07,2.36e+07,.0201723,2.35e+07,.0182766
"1. Native","1. High",1999m9,467695,2.34e+07,2.39e+07,.0195911,2.35e+07,.0182275
"1. Native","1. High",1999m10,365223,2.30e+07,2.34e+07,.0156257,2.36e+07,.0180266
"1. Native","1. High",1999m11,354291,2.32e+07,2.35e+07,.0150722,2.36e+07,.0176741
"1. Native","1. High",1999m12,343277,2.33e+07,2.37e+07,.0144914,2.36e+07,.0172414
"1. Native","1. High",2000m1,451793,2.36e+07,2.40e+07,.0188156,2.36e+07,.0168673
"1. Native","1. High",2000m2,396266,2.34e+07,2.38e+07,.016662,2.36e+07,.0168162
"1. Native","1. High",2000m3,387086,2.33e+07,2.37e+07,.016365,2.36e+07,.0169063
"1. Native","1. High",2000m4,302936,2.30e+07,2.33e+07,.0129909,2.36e+07,.0169868
"1. Native","1. High",2000m5,358757,2.31e+07,2.34e+07,.0153219,2.37e+07,.01695
"1. Native","1. High",2000m6,388441,2.30e+07,2.34e+07,.0165745,2.37e+07,.0168725
"1. Native","1. High",2000m7,469541,2.32e+07,2.37e+07,.0198051,2.38e+07,.0168384
"1. Native","1. High",2000m8,485838,2.29e+07,2.34e+07,.0207864,2.38e+07,.0168564
"1. Native","1. High",2000m9,511254,2.37e+07,2.42e+07,.0211379,2.38e+07,.0170786
"1. Native","1. High",2000m10,381556,2.34e+07,2.38e+07,.0160122,2.37e+07,.0175734
"1. Native","1. High",2000m11,334488,2.39e+07,2.42e+07,.0138014,2.36e+07,.0180345
"1. Native","1. High",2000m12,334141,2.37e+07,2.40e+07,.0139021,2.36e+07,.0183523
"1. Native","1. High",2001m1,448645,2.37e+07,2.41e+07,.0185871,2.36e+07,.0186949
"1. Native","1. High",2001m2,415698,2.36e+07,2.40e+07,.017322,2.36e+07,.0191863
"1. Native","1. High",2001m3,502880,2.34e+07,2.39e+07,.0210374,2.37e+07,.0196672
"1. Native","1. High",2001m4,422253,2.05e+07,2.09e+07,.0201951,2.37e+07,.020142
"1. Native","1. High",2001m5,452954,2.32e+07,2.36e+07,.0191823,2.37e+07,.0209732
"1. Native","1. High",2001m6,482451,2.32e+07,2.37e+07,.0203431,2.37e+07,.0219475
"1. Native","1. High",2001m7,573918,2.31e+07,2.37e+07,.024258,2.38e+07,.0228727
"1. Native","1. High",2001m8,668840,2.31e+07,2.38e+07,.028128,2.38e+07,.023834
"1. Native","1. High",2001m9,619668,2.38e+07,2.45e+07,.025337,2.39e+07,.0244877
"1. Native","1. High",2001m10,565891,2.38e+07,2.44e+07,.0232073,2.41e+07,.0248564
"1. Native","1. High",2001m11,645132,2.36e+07,2.43e+07,.0265552,2.43e+07,.0253224
"1. Native","1. High",2001m12,591962,2.35e+07,2.41e+07,.0245318,2.44e+07,.0259791
"1. Native","1. High",2002m1,734456,2.36e+07,2.43e+07,.0301629,2.45e+07,.0267001
"1. Native","1. High",2002m2,713297,2.40e+07,2.48e+07,.028818,2.45e+07,.0272515
"1. Native","1. High",2002m3,634685,2.45e+07,2.52e+07,.0252306,2.46e+07,.0276281
"1. Native","1. High",2002m4,620915,2.44e+07,2.50e+07,.0248505,2.46e+07,.0278827
"1. Native","1. High",2002m5,639386,2.42e+07,2.49e+07,.0257097,2.47e+07,.0279291
"1. Native","1. High",2002m6,726122,2.38e+07,2.45e+07,.0295776,2.47e+07,.0279126
"1. Native","1. High",2002m7,788138,2.36e+07,2.44e+07,.0323284,2.48e+07,.0280049
"1. Native","1. High",2002m8,817506,2.37e+07,2.46e+07,.0332903,2.48e+07,.0279767
"1. Native","1. High",2002m9,731179,2.43e+07,2.50e+07,.029214,2.49e+07,.0279762
"1. Native","1. High",2002m10,628215,2.41e+07,2.47e+07,.0254386,2.49e+07,.0280563
"1. Native","1. High",2002m11,630668,2.42e+07,2.48e+07,.0254383,2.49e+07,.0281326
"1. Native","1. High",2002m12,618918,2.39e+07,2.45e+07,.0252539,2.50e+07,.0281598
"1. Native","1. High",2003m1,795818,2.43e+07,2.51e+07,.0316554,2.51e+07,.028142
"1. Native","1. High",2003m2,677714,2.48e+07,2.54e+07,.0266479,2.51e+07,.0282585
"1. Native","1. High",2003m3,701875,2.49e+07,2.56e+07,.0273894,2.52e+07,.0284656
"1. Native","1. High",2003m4,623207,2.47e+07,2.53e+07,.0246137,2.53e+07,.0286516
"1. Native","1. High",2003m5,704382,2.47e+07,2.54e+07,.027778,2.54e+07,.0287681
"1. Native","1. High",2003m6,713224,2.46e+07,2.53e+07,.0281629,2.55e+07,.0288595
"1. Native","1. High",2003m7,842775,2.45e+07,2.53e+07,.0333157,2.55e+07,.0289147
"1. Native","1. High",2003m8,894024,2.46e+07,2.55e+07,.0350968,2.56e+07,.0290467
"1. Native","1. High",2003m9,823405,2.46e+07,2.54e+07,.0323788,2.56e+07,.0291336
"1. Native","1. High",2003m10,695710,2.53e+07,2.60e+07,.0267381,2.57e+07,.0291515
"1. Native","1. High",2003m11,698817,2.52e+07,2.59e+07,.0269344,2.57e+07,.0290874
"1. Native","1. High",2003m12,674325,2.53e+07,2.60e+07,.0259507,2.57e+07,.0290907
"1. Native","1. High",2004m1,827821,2.48e+07,2.56e+07,.0322854,2.57e+07,.0289996
"1. Native","1. High",2004m2,752207,2.50e+07,2.58e+07,.0291843,2.57e+07,.028549
"1. Native","1. High",2004m3,705466,2.55e+07,2.62e+07,.026939,2.58e+07,.0280043
"1. Native","1. High",2004m4,656196,2.51e+07,2.57e+07,.0254934,2.58e+07,.0276078
"1. Native","1. High",2004m5,654550,2.52e+07,2.58e+07,.0253595,2.58e+07,.0273506
"1. Native","1. High",2004m6,771797,2.44e+07,2.52e+07,.0306616,2.59e+07,.0270381
"1. Native","1. High",2004m7,731309,2.48e+07,2.55e+07,.0286303,2.59e+07,.0264996
"1. Native","1. High",2004m8,740864,2.48e+07,2.56e+07,.0289687,2.59e+07,.0258959
"1. Native","1. High",2004m9,664456,2.55e+07,2.61e+07,.0254347,2.59e+07,.0255347
"1. Native","1. High",2004m10,639799,2.58e+07,2.65e+07,.0241662,2.59e+07,.0252594
"1. Native","1. High",2004m11,615656,2.58e+07,2.64e+07,.0233319,2.60e+07,.024917
"1. Native","1. High",2004m12,580690,2.57e+07,2.63e+07,.0220546,2.60e+07,.0244062
"1. Native","1. High",2005m1,596729,2.51e+07,2.57e+07,.023257,2.61e+07,.0240179
"1. Native","1. High",2005m2,612714,2.52e+07,2.58e+07,.0237229,2.61e+07,.0237323
"1. Native","1. High",2005m3,621723,2.56e+07,2.62e+07,.0237322,2.61e+07,.0234889
"1. Native","1. High",2005m4,584091,2.59e+07,2.64e+07,.022093,2.61e+07,.0233953
"1. Native","1. High",2005m5,536791,2.56e+07,2.61e+07,.0205424,2.62e+07,.0232399
"1. Native","1. High",2005m6,603662,2.54e+07,2.60e+07,.0232186,2.62e+07,.0230213
"1. Native","1. High",2005m7,694505,2.53e+07,2.60e+07,.0267546,2.62e+07,.0229355
"1. Native","1. High",2005m8,615506,2.50e+07,2.57e+07,.0239897,2.63e+07,.0228558
"1. Native","1. High",2005m9,649477,2.58e+07,2.64e+07,.0245716,2.63e+07,.0226141
"1. Native","1. High",2005m10,612727,2.63e+07,2.69e+07,.0227837,2.64e+07,.0224029
"1. Native","1. High",2005m11,561274,2.62e+07,2.67e+07,.0209856,2.64e+07,.0223011
"1. Native","1. High",2005m12,511285,2.62e+07,2.67e+07,.0191546,2.65e+07,.0223306
"1. Native","1. High",2006m1,634558,2.57e+07,2.63e+07,.0240961,2.65e+07,.0223042
"1. Native","1. High",2006m2,549413,2.56e+07,2.62e+07,.0209719,2.66e+07,.0222199
"1. Native","1. High",2006m3,550127,2.60e+07,2.66e+07,.0206819,2.67e+07,.0221476
"1. Native","1. High",2006m4,539865,2.64e+07,2.69e+07,.0200757,2.68e+07,.0220536
"1. Native","1. High",2006m5,537431,2.62e+07,2.67e+07,.0201166,2.69e+07,.0218742
"1. Native","1. High",2006m6,654580,2.62e+07,2.69e+07,.024352,2.69e+07,.021651
"1. Native","1. High",2006m7,666300,2.60e+07,2.67e+07,.0249877,2.70e+07,.0214142
"1. Native","1. High",2006m8,634609,2.61e+07,2.67e+07,.0237344,2.71e+07,.0211014
"1. Native","1. High",2006m9,632364,2.68e+07,2.74e+07,.0230908,2.72e+07,.0208244
"1. Native","1. High",2006m10,612488,2.72e+07,2.78e+07,.022009,2.73e+07,.0205508
"1. Native","1. High",2006m11,485590,2.73e+07,2.78e+07,.017454,2.74e+07,.0203754
"1. Native","1. High",2006m12,478196,2.71e+07,2.76e+07,.0173292,2.75e+07,.0203046
"1. Native","1. High",2007m1,554677,2.69e+07,2.74e+07,.0202388,2.76e+07,.0203376
"1. Native","1. High",2007m2,470950,2.67e+07,2.72e+07,.0173216,2.77e+07,.0205996
"1. Native","1. High",2007m3,493393,2.74e+07,2.79e+07,.017683,2.78e+07,.0207375
"1. Native","1. High",2007m4,463525,2.76e+07,2.81e+07,.0165093,2.79e+07,.0206335
"1. Native","1. High",2007m5,542672,2.73e+07,2.79e+07,.0194731,2.79e+07,.0207296
"1. Native","1. High",2007m6,650593,2.73e+07,2.79e+07,.0232972,2.80e+07,.020982
"1. Native","1. High",2007m7,753982,2.73e+07,2.81e+07,.0268344,2.80e+07,.0212092
"1. Native","1. High",2007m8,793328,2.74e+07,2.82e+07,.0281741,2.81e+07,.0214634
"1. Native","1. High",2007m9,616092,2.74e+07,2.81e+07,.021962,2.82e+07,.0216691
"1. Native","1. High",2007m10,586343,2.78e+07,2.84e+07,.0206412,2.83e+07,.0218406
"1. Native","1. High",2007m11,597707,2.77e+07,2.83e+07,.0211281,2.83e+07,.0220484
"1. Native","1. High",2007m12,562283,2.80e+07,2.85e+07,.0197127,2.83e+07,.0222494
"1. Native","1. High",2008m1,660160,2.77e+07,2.83e+07,.0233093,2.84e+07,.0224915
"1. Native","1. High",2008m2,583262,2.81e+07,2.87e+07,.0203504,2.84e+07,.0228078
"1. Native","1. High",2008m3,567493,2.84e+07,2.90e+07,.0195914,2.85e+07,.0232231
"1. Native","1. High",2008m4,533183,2.80e+07,2.85e+07,.0187175,2.85e+07,.0239066
"1. Native","1. High",2008m5,625183,2.75e+07,2.81e+07,.0222514,2.86e+07,.0246752
"1. Native","1. High",2008m6,713426,2.74e+07,2.82e+07,.0253436,2.86e+07,.0256349
"1. Native","1. High",2008m7,876864,2.78e+07,2.87e+07,.0305986,2.86e+07,.0269791
"1. Native","1. High",2008m8,920233,2.78e+07,2.88e+07,.0319999,2.87e+07,.0285226
"1. Native","1. High",2008m9,802693,2.78e+07,2.86e+07,.0281043,2.87e+07,.0301995
"1. Native","1. High",2008m10,898673,2.82e+07,2.91e+07,.0309033,2.87e+07,.0318544
"1. Native","1. High",2008m11,839457,2.78e+07,2.86e+07,.0293113,2.87e+07,.0336409
"1. Native","1. High",2008m12,1006174,2.81e+07,2.91e+07,.0345618,2.88e+07,.0356028
"1. Native","1. High",2009m1,1170347,2.76e+07,2.87e+07,.0407231,2.88e+07,.0374681
"1. Native","1. High",2009m2,1146130,2.75e+07,2.87e+07,.0399789,2.88e+07,.0391995
"1. Native","1. High",2009m3,1158237,2.76e+07,2.88e+07,.0402089,2.89e+07,.0407919
"1. Native","1. High",2009m4,1087564,2.77e+07,2.88e+07,.0378172,2.89e+07,.0421319
"1. Native","1. High",2009m5,1331005,2.76e+07,2.89e+07,.0460276,2.90e+07,.0433492
"1. Native","1. High",2009m6,1398954,2.74e+07,2.88e+07,.0486538,2.90e+07,.0443964
"1. Native","1. High",2009m7,1507556,2.75e+07,2.90e+07,.0520546,2.90e+07,.0451879
"1. Native","1. High",2009m8,1522784,2.77e+07,2.92e+07,.0520991,2.91e+07,.0458432
"1. Native","1. High",2009m9,1343687,2.77e+07,2.91e+07,.0462218,2.91e+07,.0463443
"1. Native","1. High",2009m10,1333165,2.83e+07,2.97e+07,.0449466,2.91e+07,.0468437
"1. Native","1. High",2009m11,1288382,2.77e+07,2.90e+07,.0444817,2.91e+07,.0471093
"1. Native","1. High",2009m12,1307067,2.80e+07,2.94e+07,.0445239,2.91e+07,.0470052
"1. Native","1. High",2010m1,1461178,2.79e+07,2.94e+07,.0497577,2.92e+07,.0469221
"1. Native","1. High",2010m2,1351934,2.76e+07,2.90e+07,.0466707,2.92e+07,.0468341
"1. Native","1. High",2010m3,1323787,2.77e+07,2.91e+07,.0455453,2.92e+07,.0467044
"1. Native","1. High",2010m4,1288397,2.77e+07,2.90e+07,.0444655,2.92e+07,.0467134
"1. Native","1. High",2010m5,1326762,2.77e+07,2.90e+07,.0457535,2.92e+07,.0468799
"1. Native","1. High",2010m6,1365079,2.80e+07,2.94e+07,.0464291,2.93e+07,.0469291
"1. Native","1. High",2010m7,1534854,2.78e+07,2.94e+07,.0522851,2.93e+07,.0466325
"1. Native","1. High",2010m8,1454649,2.78e+07,2.92e+07,.0497569,2.93e+07,.0462379
"1. Native","1. High",2010m9,1352602,2.84e+07,2.98e+07,.0454507,2.94e+07,.0458598
"1. Native","1. High",2010m10,1344721,2.79e+07,2.93e+07,.0459345,2.95e+07,.0454446
"1. Native","1. High",2010m11,1392640,2.79e+07,2.93e+07,.0474892,2.96e+07,.0450431
"1. Native","1. High",2010m12,1255739,2.82e+07,2.94e+07,.042697,2.96e+07,.0449422
"1. Native","1. High",2011m1,1319637,2.84e+07,2.97e+07,.0444659,2.96e+07,.0448556
"1. Native","1. High",2011m2,1267178,2.86e+07,2.98e+07,.0424933,2.96e+07,.0445307
"1. Native","1. High",2011m3,1224527,2.89e+07,3.01e+07,.040648,2.96e+07,.0440617
"1. Native","1. High",2011m4,1189447,2.90e+07,3.02e+07,.0393991,2.96e+07,.0434696
"1. Native","1. High",2011m5,1208083,2.81e+07,2.93e+07,.041183,2.96e+07,.0428664
"1. Native","1. High",2011m6,1412782,2.77e+07,2.91e+07,.0485769,2.97e+07,.0424228
"1. Native","1. High",2011m7,1418130,2.81e+07,2.95e+07,.0480595,2.97e+07,.042297
"1. Native","1. High",2011m8,1367614,2.82e+07,2.96e+07,.0461855,2.97e+07,.0423337
"1. Native","1. High",2011m9,1121447,2.86e+07,2.97e+07,.0377671,2.98e+07,.0423401
"1. Native","1. High",2011m10,1173393,2.86e+07,2.98e+07,.0394072,2.98e+07,.0422613
"1. Native","1. High",2011m11,1173341,2.85e+07,2.97e+07,.0395393,2.98e+07,.0419882
"1. Native","1. High",2011m12,1196918,2.87e+07,2.99e+07,.0400016,2.99e+07,.0414242
"1. Native","1. High",2012m1,1326772,2.87e+07,3.01e+07,.0441415,3.00e+07,.0411424
"1. Native","1. High",2012m2,1310532,2.87e+07,3.00e+07,.0436989,3.00e+07,.0410881
"1. Native","1. High",2012m3,1217584,2.95e+07,3.08e+07,.0395953,3.01e+07,.0410995
"1. Native","1. High",2012m4,1166766,2.91e+07,3.03e+07,.0385599,3.02e+07,.0410495
"1. Native","1. High",2012m5,1066471,2.90e+07,3.01e+07,.035469,3.02e+07,.0406954
"1. Native","1. High",2012m6,1213819,2.86e+07,2.98e+07,.0407557,3.03e+07,.0403094
"1. Native","1. High",2012m7,1479958,2.87e+07,3.01e+07,.0491159,3.03e+07,.039863
"1. Native","1. High",2012m8,1337310,2.92e+07,3.05e+07,.0438267,3.04e+07,.0394305
"1. Native","1. High",2012m9,1231732,2.93e+07,3.05e+07,.0403991,3.04e+07,.0391068
"1. Native","1. High",2012m10,1097983,2.98e+07,3.09e+07,.0355758,3.05e+07,.0389003
"1. Native","1. High",2012m11,1060756,2.94e+07,3.04e+07,.0348727,3.06e+07,.0388785
"1. Native","1. High",2012m12,1081746,2.95e+07,3.06e+07,.0354028,3.07e+07,.0389126
"1. Native","1. High",2013m1,1156877,2.93e+07,3.04e+07,.0380275,3.07e+07,.0387169
"1. Native","1. High",2013m2,1211483,2.95e+07,3.07e+07,.0394332,3.07e+07,.0383474
"1. Native","1. High",2013m3,1125116,3.00e+07,3.12e+07,.0360918,3.08e+07,.0379325
"1. Native","1. High",2013m4,1174635,3.05e+07,3.17e+07,.0371082,3.08e+07,.0376951
"1. Native","1. High",2013m5,1133316,3.00e+07,3.11e+07,.0363974,3.09e+07,.0375801
"1. Native","1. High",2013m6,1240174,2.93e+07,3.05e+07,.0406453,,
"1. Native","1. High",2013m7,1344429,2.88e+07,3.02e+07,.0445293,,
"1. Native","1. High",2013m8,1223285,2.97e+07,3.09e+07,.0395456,,
"1. Native","1. High",2013m9,1072224,2.98e+07,3.09e+07,.0347207,,
"1. Native","1. High",2013m10,1110177,3.01e+07,3.12e+07,.0355572,,
"1. Native","1. High",2013m11,1001754,3.02e+07,3.12e+07,.0321321,,
